OrderID,OrderDate,Region,ProductID,CustomerId,Units,Sales,COGS
Az-Mc-0001,1/23/11,West,Qu-BF-009,20,23,621.00,333.50
Az-Mc-0002,1/18/11,West,Su-BF-003,14,65,1235.00,520.00
Az-Mc-0003,6/19/11,West,Ss-BF-004,28,47,987.00,434.75
Az-Mc-0004,6/13/11,MidWest,Qu-BF-009,3,24,648.00,348.00
Az-Mc-0005,4/6/11,South,Su-BF-003,22,58,1102.00,464.00
Az-Mc-0006,3/2/11,West,Qu-BF-009,1,22,594.00,319.00
Az-Mc-0007,3/24/11,East,Qu-BF-009,30,8,216.00,116.00
Az-Mc-0008,2/27/11,South,Su-BF-003,23,29,551.00,232.00
Az-Mc-0009,6/19/11,West,Ca-BF-002,3,55,1265.00,605.00
Az-Mc-0010,5/17/11,MidWest,Ca-BF-002,3,39,897.00,429.00
Az-Mc-0011,4/11/11,MidWest,Su-BF-003,11,49,931.00,392.00
Az-Mc-0012,2/15/11,MidWest,Ca-BF-002,2,63,1449.00,693.00
Az-Mc-0013,2/20/11,South,Qu-BF-009,10,19,513.00,275.50
Az-Mc-0014,1/9/11,MidWest,Qu-BF-009,21,40,1080.00,580.00
Az-Mc-0015,4/4/11,East,Qu-BF-009,15,60,1620.00,870.00
Az-Mc-0016,4/17/11,South,Ss-BF-004,6,24,504.00,222.00
Az-Mc-0017,1/22/11,West,Be-BF-001,22,10,220.00,100.00
Az-Mc-0018,2/9/11,East,Su-BF-003,9,26,494.00,208.00
Az-Mc-0019,5/15/11,West,Su-BF-003,20,65,1235.00,520.00
Az-Mc-0020,5/19/11,MidWest,Ca-BF-002,9,43,989.00,473.00
Az-Mc-0021,5/7/11,South,Su-BF-003,12,20,380.00,160.00
Az-Mc-0022,4/20/11,West,Be-BF-001,18,39,858.00,390.00
Az-Mc-0023,4/9/11,MidWest,Ss-BF-004,9,33,693.00,305.25
Az-Mc-0024,5/5/11,East,Su-BF-003,7,6,114.00,48.00
Az-Mc-0025,5/5/11,East,Ca-BF-002,9,33,759.00,363.00
Az-Mc-0026,3/14/11,MidWest,Be-BF-001,21,34,748.00,340.00
Az-Mc-0027,1/11/11,MidWest,Be-BF-001,22,23,506.00,230.00
Az-Mc-0028,5/13/11,MidWest,Ca-BF-002,7,6,138.00,66.00
Az-Mc-0029,4/23/11,South,Ss-BF-004,25,15,315.00,138.75
Az-Mc-0030,3/22/11,South,Ca-BF-002,16,27,621.00,297.00
Az-Mc-0031,1/18/11,South,Ss-BF-004,7,36,756.00,333.00
Az-Mc-0032,6/24/11,MidWest,Be-BF-001,20,64,1408.00,640.00
Az-Mc-0033,2/7/11,MidWest,Ss-BF-004,10,44,924.00,407.00
Az-Mc-0034,3/19/11,South,Ca-BF-002,28,54,1242.00,594.00
Az-Mc-0035,6/3/11,MidWest,Qu-BF-009,1,21,567.00,304.50
Az-Mc-0036,3/26/11,East,Ss-BF-004,15,40,840.00,370.00
Az-Mc-0037,4/26/11,South,Ca-BF-002,14,22,506.00,242.00
Az-Mc-0038,4/26/11,MidWest,Ss-BF-004,4,51,1071.00,471.75
Az-Mc-0039,2/4/11,West,Qu-BF-009,28,25,675.00,362.50
Az-Mc-0040,6/5/11,East,Su-BF-003,29,63,1197.00,504.00
Az-Mc-0041,1/19/11,East,Be-BF-001,2,40,880.00,400.00
Az-Mc-0042,5/20/11,West,Be-BF-001,4,47,1034.00,470.00
Az-Mc-0043,6/28/11,East,Ss-BF-004,16,12,252.00,111.00
Az-Mc-0044,6/2/11,MidWest,Su-BF-003,23,24,456.00,192.00
Az-Mc-0045,1/1/11,West,Qu-BF-009,18,33,891.00,478.50
Az-Mc-0046,2/19/11,South,Be-BF-001,21,39,858.00,390.00
Az-Mc-0047,1/3/11,MidWest,Su-BF-003,20,51,969.00,408.00
Az-Mc-0048,1/22/11,MidWest,Ca-BF-002,23,29,667.00,319.00
Az-Mc-0049,6/25/11,South,Be-BF-001,17,33,726.00,330.00
Az-Mc-0050,6/5/11,South,Ca-BF-002,21,30,690.00,330.00
Az-Mc-0051,1/28/11,South,Su-BF-003,12,59,1121.00,472.00
Az-Mc-0052,2/16/11,East,Qu-BF-009,20,26,702.00,377.00
Az-Mc-0053,5/3/11,West,Qu-BF-009,29,11,297.00,159.50
Az-Mc-0054,5/19/11,West,Su-BF-003,12,13,247.00,104.00
Az-Mc-0055,5/8/11,MidWest,Ss-BF-004,13,58,1218.00,536.50
Az-Mc-0056,5/7/11,South,Be-BF-001,23,25,550.00,250.00
Az-Mc-0057,6/26/11,West,Qu-BF-009,16,55,1485.00,797.50
Az-Mc-0058,4/25/11,South,Su-BF-003,22,8,152.00,64.00
Az-Mc-0059,3/2/11,East,Qu-BF-009,23,8,216.00,116.00
Az-Mc-0060,4/11/11,South,Be-BF-001,25,13,286.00,130.00
Az-Mc-0061,3/20/11,West,Ss-BF-004,25,31,651.00,286.75
Az-Mc-0062,2/2/11,South,Su-BF-003,9,60,1140.00,480.00
Az-Mc-0063,6/26/11,MidWest,Be-BF-001,4,9,198.00,90.00
Az-Mc-0064,1/27/11,West,Be-BF-001,6,12,264.00,120.00
Az-Mc-0065,3/12/11,East,Ss-BF-004,30,65,1365.00,601.25
Az-Mc-0066,2/18/11,South,Ss-BF-004,6,50,1050.00,462.50
Az-Mc-0067,5/29/11,East,Ss-BF-004,11,57,1197.00,527.25
Az-Mc-0068,6/5/11,West,Be-BF-001,1,65,1430.00,650.00
Az-Mc-0069,6/18/11,South,Be-BF-001,18,40,880.00,400.00
Az-Mc-0070,4/1/11,South,Su-BF-003,19,62,1178.00,496.00
Az-Mc-0071,4/18/11,South,Ss-BF-004,13,47,987.00,434.75
Az-Mc-0072,3/12/11,East,Qu-BF-009,30,18,486.00,261.00
Az-Mc-0073,4/30/11,West,Be-BF-001,29,63,1386.00,630.00
Az-Mc-0074,4/2/11,West,Su-BF-003,20,42,798.00,336.00
Az-Mc-0075,6/25/11,East,Be-BF-001,18,12,264.00,120.00
Az-Mc-0076,4/8/11,South,Su-BF-003,17,19,361.00,152.00
Az-Mc-0077,5/7/11,South,Ss-BF-004,6,14,294.00,129.50
Az-Mc-0078,1/25/11,West,Ca-BF-002,28,7,161.00,77.00
Az-Mc-0079,2/16/11,West,Su-BF-003,2,51,969.00,408.00
Az-Mc-0080,2/22/11,MidWest,Ca-BF-002,12,25,575.00,275.00
Az-Mc-0081,3/1/11,East,Be-BF-001,4,49,1078.00,490.00
Az-Mc-0082,4/29/11,West,Ss-BF-004,6,36,756.00,333.00
Az-Mc-0083,5/28/11,MidWest,Ca-BF-002,21,10,230.00,110.00
Az-Mc-0084,4/23/11,East,Ss-BF-004,24,6,126.00,55.50
Az-Mc-0085,4/16/11,MidWest,Ca-BF-002,9,55,1265.00,605.00
Az-Mc-0086,1/25/11,East,Qu-BF-009,30,31,837.00,449.50
Az-Mc-0087,5/18/11,South,Be-BF-001,8,43,946.00,430.00
Az-Mc-0088,4/19/11,West,Su-BF-003,4,17,323.00,136.00
Az-Mc-0089,1/24/11,South,Ca-BF-002,25,38,874.00,418.00
Az-Mc-0090,5/31/11,East,Su-BF-003,27,42,798.00,336.00
Az-Mc-0091,2/4/11,MidWest,Ss-BF-004,11,6,126.00,55.50
Az-Mc-0092,1/8/11,East,Qu-BF-009,24,23,621.00,333.50
Az-Mc-0093,2/17/11,West,Be-BF-001,24,41,902.00,410.00
Az-Mc-0094,5/6/11,East,Ca-BF-002,23,41,943.00,451.00
Az-Mc-0095,3/5/11,South,Qu-BF-009,2,14,378.00,203.00
Az-Mc-0096,1/29/11,West,Ca-BF-002,1,40,920.00,440.00
Az-Mc-0097,3/31/11,East,Su-BF-003,12,36,684.00,288.00
Az-Mc-0098,1/4/11,South,Ca-BF-002,22,43,989.00,473.00
Az-Mc-0099,3/24/11,MidWest,Ca-BF-002,25,18,414.00,198.00
Az-Mc-0100,2/19/11,South,Ss-BF-004,17,60,1260.00,555.00
Az-Mc-0101,2/1/11,West,Qu-BF-009,29,23,621.00,333.50
Az-Mc-0102,6/12/11,West,Be-BF-001,28,40,880.00,400.00
Az-Mc-0103,5/10/11,West,Qu-BF-009,5,23,621.00,333.50
Az-Mc-0104,6/8/11,West,Su-BF-003,1,38,722.00,304.00
Az-Mc-0105,5/7/11,MidWest,Qu-BF-009,6,48,1296.00,696.00
Az-Mc-0106,4/26/11,East,Ca-BF-002,25,36,828.00,396.00
Az-Mc-0107,5/26/11,West,Su-BF-003,26,26,494.00,208.00
Az-Mc-0108,5/9/11,West,Be-BF-001,30,19,418.00,190.00
Az-Mc-0109,4/3/11,MidWest,Qu-BF-009,24,39,1053.00,565.50
Az-Mc-0110,3/22/11,South,Su-BF-003,21,28,532.00,224.00
Az-Mc-0111,5/3/11,South,Ca-BF-002,19,17,391.00,187.00
Az-Mc-0112,1/23/11,East,Su-BF-003,12,39,741.00,312.00
Az-Mc-0113,1/18/11,MidWest,Su-BF-003,19,58,1102.00,464.00
Az-Mc-0114,6/17/11,South,Be-BF-001,8,38,836.00,380.00
Az-Mc-0115,1/17/11,South,Ca-BF-002,29,34,782.00,374.00
Az-Mc-0116,5/23/11,East,Be-BF-001,13,59,1298.00,590.00
Az-Mc-0117,1/20/11,South,Qu-BF-009,23,28,756.00,406.00
Az-Mc-0118,4/7/11,South,Su-BF-003,26,62,1178.00,496.00
Az-Mc-0119,5/25/11,West,Qu-BF-009,22,65,1755.00,942.50
Az-Mc-0120,5/14/11,West,Ss-BF-004,4,6,126.00,55.50
Az-Mc-0121,6/7/11,MidWest,Be-BF-001,4,34,748.00,340.00
Az-Mc-0122,5/13/11,West,Ca-BF-002,12,60,1380.00,660.00
Az-Mc-0123,5/1/11,West,Su-BF-003,9,50,950.00,400.00
Az-Mc-0124,1/12/11,MidWest,Qu-BF-009,10,40,1080.00,580.00
Az-Mc-0125,5/13/11,West,Ss-BF-004,3,24,504.00,222.00
Az-Mc-0126,1/26/11,MidWest,Be-BF-001,2,65,1430.00,650.00
Az-Mc-0127,2/6/11,East,Qu-BF-009,21,52,1404.00,754.00
Az-Mc-0128,6/6/11,West,Su-BF-003,8,60,1140.00,480.00
Az-Mc-0129,4/12/11,East,Ca-BF-002,1,46,1058.00,506.00
Az-Mc-0130,6/2/11,East,Ca-BF-002,9,41,943.00,451.00
Az-Mc-0131,1/22/11,South,Su-BF-003,7,29,551.00,232.00
Az-Mc-0132,3/14/11,East,Su-BF-003,17,65,1235.00,520.00
Az-Mc-0133,5/28/11,East,Ca-BF-002,14,37,851.00,407.00
Az-Mc-0134,3/24/11,MidWest,Su-BF-003,21,14,266.00,112.00
Az-Mc-0135,2/1/11,East,Be-BF-001,6,18,396.00,180.00
Az-Mc-0136,4/14/11,West,Ca-BF-002,8,44,1012.00,484.00
Az-Mc-0137,3/27/11,West,Be-BF-001,19,62,1364.00,620.00
Az-Mc-0138,1/16/11,MidWest,Su-BF-003,29,21,399.00,168.00
Az-Mc-0139,1/23/11,South,Be-BF-001,5,56,1232.00,560.00
Az-Mc-0140,5/2/11,MidWest,Be-BF-001,25,64,1408.00,640.00
Az-Mc-0141,2/20/11,South,Su-BF-003,15,22,418.00,176.00
Az-Mc-0142,5/22/11,MidWest,Ss-BF-004,10,21,441.00,194.25
Az-Mc-0143,2/8/11,East,Ss-BF-004,14,22,462.00,203.50
Az-Mc-0144,4/18/11,East,Su-BF-003,21,40,760.00,320.00
Az-Mc-0145,1/26/11,South,Su-BF-003,17,24,456.00,192.00
Az-Mc-0146,1/7/11,MidWest,Ca-BF-002,10,14,322.00,154.00
Az-Mc-0147,2/19/11,West,Su-BF-003,17,61,1159.00,488.00
Az-Mc-0148,5/22/11,East,Su-BF-003,18,12,228.00,96.00
Az-Mc-0149,1/16/11,East,Ss-BF-004,21,34,714.00,314.50
Az-Mc-0150,2/9/11,MidWest,Qu-BF-009,12,8,216.00,116.00
Az-Mc-0151,1/15/11,MidWest,Su-BF-003,14,44,836.00,352.00
Az-Mc-0152,3/31/11,MidWest,Ss-BF-004,30,25,525.00,231.25
Az-Mc-0153,1/25/11,West,Qu-BF-009,14,56,1512.00,812.00
Az-Mc-0154,3/10/11,West,Ca-BF-002,11,13,299.00,143.00
Az-Mc-0155,3/23/11,South,Qu-BF-009,15,6,162.00,87.00
Az-Mc-0156,4/8/11,East,Qu-BF-009,18,23,621.00,333.50
Az-Mc-0157,1/17/11,West,Ca-BF-002,17,21,483.00,231.00
Az-Mc-0158,4/6/11,East,Su-BF-003,17,50,950.00,400.00
Az-Mc-0159,6/13/11,South,Ca-BF-002,17,54,1242.00,594.00
Az-Mc-0160,3/16/11,West,Be-BF-001,26,8,176.00,80.00
Az-Mc-0161,6/11/11,South,Su-BF-003,24,53,1007.00,424.00
Az-Mc-0162,6/3/11,East,Ss-BF-004,20,55,1155.00,508.75
Az-Mc-0163,6/1/11,West,Ca-BF-002,28,64,1472.00,704.00
Az-Mc-0164,3/18/11,East,Ss-BF-004,16,53,1113.00,490.25
Az-Mc-0165,3/10/11,West,Qu-BF-009,28,58,1566.00,841.00
Az-Mc-0166,4/1/11,West,Ss-BF-004,20,46,966.00,425.50
Az-Mc-0167,4/11/11,MidWest,Be-BF-001,14,19,418.00,190.00
Az-Mc-0168,2/18/11,South,Be-BF-001,13,47,1034.00,470.00
Az-Mc-0169,5/11/11,West,Ss-BF-004,27,13,273.00,120.25
Az-Mc-0170,2/6/11,West,Su-BF-003,29,10,190.00,80.00
Az-Mc-0171,6/18/11,MidWest,Ca-BF-002,28,65,1495.00,715.00
Az-Mc-0172,6/20/11,MidWest,Su-BF-003,9,37,703.00,296.00
Az-Mc-0173,3/30/11,West,Be-BF-001,7,45,990.00,450.00
Az-Mc-0174,6/19/11,South,Be-BF-001,16,20,440.00,200.00
Az-Mc-0175,2/9/11,South,Qu-BF-009,4,30,810.00,435.00
Az-Mc-0176,2/20/11,East,Be-BF-001,7,58,1276.00,580.00
Az-Mc-0177,1/18/11,West,Ca-BF-002,23,16,368.00,176.00
Az-Mc-0178,4/3/11,MidWest,Be-BF-001,7,18,396.00,180.00
Az-Mc-0179,3/17/11,South,Ca-BF-002,13,42,966.00,462.00
Az-Mc-0180,6/23/11,MidWest,Ss-BF-004,22,47,987.00,434.75
Az-Mc-0181,3/17/11,South,Be-BF-001,20,29,638.00,290.00
Az-Mc-0182,6/24/11,MidWest,Ca-BF-002,23,13,299.00,143.00
Az-Mc-0183,1/15/11,West,Su-BF-003,28,21,399.00,168.00
Az-Mc-0184,1/9/11,MidWest,Ca-BF-002,17,41,943.00,451.00
Az-Mc-0185,1/12/11,East,Qu-BF-009,14,62,1674.00,899.00
Az-Mc-0186,6/3/11,South,Be-BF-001,19,19,418.00,190.00
Az-Mc-0187,3/14/11,West,Su-BF-003,29,65,1235.00,520.00
Az-Mc-0188,5/15/11,MidWest,Be-BF-001,13,29,638.00,290.00
Az-Mc-0189,3/27/11,East,Ss-BF-004,24,26,546.00,240.50
Az-Mc-0190,2/9/11,South,Be-BF-001,12,53,1166.00,530.00
Az-Mc-0191,2/24/11,MidWest,Ss-BF-004,18,25,525.00,231.25
Az-Mc-0192,1/7/11,East,Ca-BF-002,28,47,1081.00,517.00
Az-Mc-0193,6/4/11,MidWest,Be-BF-001,19,48,1056.00,480.00
Az-Mc-0194,2/8/11,MidWest,Su-BF-003,16,65,1235.00,520.00
Az-Mc-0195,4/12/11,East,Qu-BF-009,3,56,1512.00,812.00
Az-Mc-0196,4/30/11,South,Su-BF-003,24,51,969.00,408.00
Az-Mc-0197,3/24/11,MidWest,Be-BF-001,4,57,1254.00,570.00
Az-Mc-0198,4/11/11,South,Ca-BF-002,5,23,529.00,253.00
Az-Mc-0199,3/19/11,South,Ca-BF-002,6,43,989.00,473.00
Az-Mc-0200,5/6/11,South,Ss-BF-004,3,22,462.00,203.50
Az-Mc-0201,6/20/11,East,Ca-BF-002,27,10,230.00,110.00
Az-Mc-0202,5/1/11,MidWest,Su-BF-003,9,28,532.00,224.00
Az-Mc-0203,3/28/11,East,Qu-BF-009,10,17,459.00,246.50
Az-Mc-0204,6/11/11,South,Qu-BF-009,5,43,1161.00,623.50
Az-Mc-0205,5/26/11,East,Qu-BF-009,8,19,513.00,275.50
Az-Mc-0206,3/9/11,West,Su-BF-003,11,19,361.00,152.00
Az-Mc-0207,3/6/11,East,Be-BF-001,30,9,198.00,90.00
Az-Mc-0208,1/30/11,MidWest,Qu-BF-009,28,28,756.00,406.00
Az-Mc-0209,3/2/11,West,Be-BF-001,2,15,330.00,150.00
Az-Mc-0210,5/15/11,South,Qu-BF-009,16,46,1242.00,667.00
Az-Mc-0211,5/11/11,South,Be-BF-001,12,39,858.00,390.00
Az-Mc-0212,3/22/11,West,Be-BF-001,1,14,308.00,140.00
Az-Mc-0213,1/19/11,South,Su-BF-003,16,33,627.00,264.00
Az-Mc-0214,6/28/11,MidWest,Qu-BF-009,25,45,1215.00,652.50
Az-Mc-0215,1/12/11,East,Ca-BF-002,18,24,552.00,264.00
Az-Mc-0216,5/17/11,South,Su-BF-003,12,37,703.00,296.00
Az-Mc-0217,2/17/11,South,Ss-BF-004,21,30,630.00,277.50
Az-Mc-0218,5/25/11,MidWest,Qu-BF-009,13,30,810.00,435.00
Az-Mc-0219,6/21/11,South,Be-BF-001,16,61,1342.00,610.00
Az-Mc-0220,2/8/11,West,Ca-BF-002,29,32,736.00,352.00
Az-Mc-0221,6/2/11,South,Be-BF-001,19,6,132.00,60.00
Az-Mc-0222,6/27/11,East,Ss-BF-004,10,38,798.00,351.50
Az-Mc-0223,6/18/11,South,Ca-BF-002,29,11,253.00,121.00
Az-Mc-0224,3/6/11,East,Ss-BF-004,7,43,903.00,397.75
Az-Mc-0225,5/23/11,South,Be-BF-001,25,56,1232.00,560.00
Az-Mc-0226,5/13/11,West,Qu-BF-009,13,28,756.00,406.00
Az-Mc-0227,6/1/11,West,Ca-BF-002,25,25,575.00,275.00
Az-Mc-0228,6/19/11,West,Qu-BF-009,29,54,1458.00,783.00
Az-Mc-0229,6/15/11,MidWest,Su-BF-003,8,27,513.00,216.00
Az-Mc-0230,4/26/11,South,Su-BF-003,9,17,323.00,136.00
Az-Mc-0231,3/22/11,MidWest,Ca-BF-002,4,59,1357.00,649.00
Az-Mc-0232,5/25/11,West,Be-BF-001,21,50,1100.00,500.00
Az-Mc-0233,3/28/11,East,Ca-BF-002,24,32,736.00,352.00
Az-Mc-0234,4/25/11,South,Su-BF-003,12,52,988.00,416.00
Az-Mc-0235,5/14/11,MidWest,Ca-BF-002,11,27,621.00,297.00
Az-Mc-0236,4/25/11,West,Qu-BF-009,24,59,1593.00,855.50
Az-Mc-0237,3/17/11,MidWest,Qu-BF-009,9,33,891.00,478.50
Az-Mc-0238,6/28/11,East,Qu-BF-009,21,46,1242.00,667.00
Az-Mc-0239,2/24/11,MidWest,Qu-BF-009,20,26,702.00,377.00
Az-Mc-0240,3/18/11,MidWest,Be-BF-001,7,37,814.00,370.00
Az-Mc-0241,6/28/11,East,Su-BF-003,1,56,1064.00,448.00
Az-Mc-0242,3/5/11,MidWest,Ss-BF-004,23,18,378.00,166.50
Az-Mc-0243,4/8/11,West,Su-BF-003,29,37,703.00,296.00
Az-Mc-0244,3/19/11,West,Su-BF-003,29,10,190.00,80.00
Az-Mc-0245,6/24/11,MidWest,Ss-BF-004,6,20,420.00,185.00
Az-Mc-0246,5/18/11,West,Ss-BF-004,7,26,546.00,240.50
Az-Mc-0247,1/7/11,South,Ca-BF-002,8,22,506.00,242.00
Az-Mc-0248,2/20/11,MidWest,Be-BF-001,18,13,286.00,130.00
Az-Mc-0249,4/5/11,MidWest,Be-BF-001,27,34,748.00,340.00
Az-Mc-0250,2/10/11,MidWest,Be-BF-001,15,11,242.00,110.00
Az-Mc-0251,3/16/11,East,Qu-BF-009,22,23,621.00,333.50
Az-Mc-0252,3/23/11,MidWest,Su-BF-003,26,45,855.00,360.00
Az-Mc-0253,1/24/11,East,Ss-BF-004,20,26,546.00,240.50
Az-Mc-0254,4/18/11,West,Ca-BF-002,25,35,805.00,385.00
Az-Mc-0255,5/21/11,West,Qu-BF-009,5,17,459.00,246.50
Az-Mc-0256,1/17/11,East,Su-BF-003,24,35,665.00,280.00
Az-Mc-0257,5/5/11,MidWest,Ss-BF-004,18,39,819.00,360.75
Az-Mc-0258,1/1/11,East,Ca-BF-002,26,23,529.00,253.00
Az-Mc-0259,6/5/11,East,Su-BF-003,3,53,1007.00,424.00
Az-Mc-0260,3/19/11,West,Ss-BF-004,23,39,819.00,360.75
Az-Mc-0261,2/10/11,East,Ca-BF-002,21,46,1058.00,506.00
Az-Mc-0262,3/2/11,South,Ss-BF-004,24,44,924.00,407.00
Az-Mc-0263,6/11/11,MidWest,Ca-BF-002,11,48,1104.00,528.00
Az-Mc-0264,4/5/11,West,Ca-BF-002,30,23,529.00,253.00
Az-Mc-0265,1/23/11,MidWest,Ca-BF-002,7,12,276.00,132.00
Az-Mc-0266,6/26/11,MidWest,Be-BF-001,23,62,1364.00,620.00
Az-Mc-0267,6/20/11,West,Su-BF-003,3,21,399.00,168.00
Az-Mc-0268,2/12/11,MidWest,Ss-BF-004,26,35,735.00,323.75
Az-Mc-0269,6/5/11,East,Qu-BF-009,4,35,945.00,507.50
Az-Mc-0270,4/6/11,West,Su-BF-003,5,53,1007.00,424.00
Az-Mc-0271,6/5/11,West,Qu-BF-009,9,38,1026.00,551.00
Az-Mc-0272,6/5/11,South,Ca-BF-002,3,60,1380.00,660.00
Az-Mc-0273,1/7/11,MidWest,Su-BF-003,29,36,684.00,288.00
Az-Mc-0274,5/27/11,West,Qu-BF-009,20,27,729.00,391.50
Az-Mc-0275,5/4/11,West,Ca-BF-002,22,30,690.00,330.00
Az-Mc-0276,2/1/11,East,Ca-BF-002,2,28,644.00,308.00
Az-Mc-0277,6/8/11,MidWest,Be-BF-001,11,61,1342.00,610.00
Az-Mc-0278,1/8/11,South,Ca-BF-002,5,59,1357.00,649.00
Az-Mc-0279,1/4/11,West,Be-BF-001,17,11,242.00,110.00
Az-Mc-0280,4/30/11,East,Su-BF-003,18,41,779.00,328.00
Az-Mc-0281,6/5/11,South,Ca-BF-002,14,14,322.00,154.00
Az-Mc-0282,5/20/11,MidWest,Ca-BF-002,24,34,782.00,374.00
Az-Mc-0283,6/28/11,South,Qu-BF-009,26,33,891.00,478.50
Az-Mc-0284,4/23/11,West,Ss-BF-004,18,29,609.00,268.25
Az-Mc-0285,2/18/11,MidWest,Ss-BF-004,14,23,483.00,212.75
Az-Mc-0286,2/9/11,South,Be-BF-001,14,45,990.00,450.00
Az-Mc-0287,2/6/11,MidWest,Qu-BF-009,20,29,783.00,420.50
Az-Mc-0288,3/30/11,East,Be-BF-001,8,31,682.00,310.00
Az-Mc-0289,2/13/11,West,Ss-BF-004,8,60,1260.00,555.00
Az-Mc-0290,5/31/11,South,Su-BF-003,29,10,190.00,80.00
Az-Mc-0291,1/4/11,East,Be-BF-001,12,13,286.00,130.00
Az-Mc-0292,5/25/11,West,Ca-BF-002,5,17,391.00,187.00
Az-Mc-0293,4/12/11,MidWest,Ss-BF-004,22,65,1365.00,601.25
Az-Mc-0294,6/28/11,South,Ca-BF-002,5,34,782.00,374.00
Az-Mc-0295,2/14/11,West,Ss-BF-004,17,30,630.00,277.50
Az-Mc-0296,2/18/11,South,Be-BF-001,8,22,484.00,220.00
Az-Mc-0297,1/29/11,East,Su-BF-003,19,58,1102.00,464.00
Az-Mc-0298,2/14/11,West,Su-BF-003,14,50,950.00,400.00
Az-Mc-0299,2/13/11,East,Su-BF-003,24,39,741.00,312.00
Az-Mc-0300,5/27/11,West,Qu-BF-009,5,36,972.00,522.00
Az-Mc-0301,2/19/11,MidWest,Ca-BF-002,27,41,943.00,451.00
Az-Mc-0302,1/4/11,West,Ca-BF-002,20,37,851.00,407.00
Az-Mc-0303,6/3/11,East,Ca-BF-002,25,35,805.00,385.00
Az-Mc-0304,5/6/11,MidWest,Be-BF-001,11,55,1210.00,550.00
Az-Mc-0305,6/6/11,MidWest,Ss-BF-004,20,43,903.00,397.75
Az-Mc-0306,3/1/11,West,Ca-BF-002,22,20,460.00,220.00
Az-Mc-0307,2/20/11,West,Ca-BF-002,4,47,1081.00,517.00
Az-Mc-0308,1/4/11,South,Ca-BF-002,3,53,1219.00,583.00
Az-Mc-0309,6/11/11,South,Ca-BF-002,13,55,1265.00,605.00
Az-Mc-0310,6/4/11,MidWest,Ss-BF-004,11,61,1281.00,564.25
Az-Mc-0311,5/1/11,South,Ss-BF-004,29,57,1197.00,527.25
Az-Mc-0312,1/11/11,MidWest,Su-BF-003,1,48,912.00,384.00
Az-Mc-0313,1/27/11,South,Su-BF-003,16,39,741.00,312.00
Az-Mc-0314,4/6/11,South,Ss-BF-004,22,23,483.00,212.75
Az-Mc-0315,4/25/11,East,Su-BF-003,9,22,418.00,176.00
Az-Mc-0316,3/3/11,West,Ca-BF-002,27,48,1104.00,528.00
Az-Mc-0317,1/9/11,West,Be-BF-001,9,43,946.00,430.00
Az-Mc-0318,5/15/11,East,Su-BF-003,3,46,874.00,368.00
Az-Mc-0319,3/21/11,West,Qu-BF-009,8,56,1512.00,812.00
Az-Mc-0320,3/17/11,South,Ca-BF-002,4,27,621.00,297.00
Az-Mc-0321,2/14/11,MidWest,Qu-BF-009,6,47,1269.00,681.50
Az-Mc-0322,1/26/11,West,Be-BF-001,12,41,902.00,410.00
Az-Mc-0323,6/19/11,West,Qu-BF-009,4,41,1107.00,594.50
Az-Mc-0324,2/17/11,East,Ca-BF-002,19,45,1035.00,495.00
Az-Mc-0325,3/22/11,MidWest,Ss-BF-004,17,12,252.00,111.00
Az-Mc-0326,1/9/11,East,Qu-BF-009,7,47,1269.00,681.50
Az-Mc-0327,6/20/11,MidWest,Su-BF-003,13,50,950.00,400.00
Az-Mc-0328,4/11/11,South,Be-BF-001,12,28,616.00,280.00
Az-Mc-0329,3/2/11,MidWest,Su-BF-003,1,11,209.00,88.00
Az-Mc-0330,4/26/11,East,Ca-BF-002,16,64,1472.00,704.00
Az-Mc-0331,4/21/11,South,Ca-BF-002,25,22,506.00,242.00
Az-Mc-0332,6/3/11,East,Qu-BF-009,25,7,189.00,101.50
Az-Mc-0333,1/21/11,East,Ca-BF-002,18,39,897.00,429.00
Az-Mc-0334,3/2/11,East,Qu-BF-009,30,49,1323.00,710.50
Az-Mc-0335,4/25/11,East,Su-BF-003,17,13,247.00,104.00
Az-Mc-0336,5/14/11,South,Be-BF-001,24,26,572.00,260.00
Az-Mc-0337,6/19/11,South,Qu-BF-009,7,22,594.00,319.00
Az-Mc-0338,6/18/11,MidWest,Be-BF-001,26,65,1430.00,650.00
Az-Mc-0339,5/21/11,West,Be-BF-001,18,18,396.00,180.00
Az-Mc-0340,5/15/11,South,Qu-BF-009,15,61,1647.00,884.50
Az-Mc-0341,3/8/11,MidWest,Su-BF-003,23,38,722.00,304.00
Az-Mc-0342,4/19/11,East,Qu-BF-009,16,28,756.00,406.00
Az-Mc-0343,4/18/11,West,Ca-BF-002,22,17,391.00,187.00
Az-Mc-0344,3/22/11,MidWest,Ca-BF-002,13,28,644.00,308.00
Az-Mc-0345,2/14/11,MidWest,Qu-BF-009,15,37,999.00,536.50
Az-Mc-0346,2/27/11,MidWest,Ss-BF-004,1,51,1071.00,471.75
Az-Mc-0347,5/9/11,MidWest,Ss-BF-004,8,51,1071.00,471.75
Az-Mc-0348,4/14/11,West,Su-BF-003,16,32,608.00,256.00
Az-Mc-0349,6/12/11,MidWest,Qu-BF-009,12,34,918.00,493.00
Az-Mc-0350,6/27/11,West,Be-BF-001,13,35,770.00,350.00
Az-Mc-0351,5/28/11,South,Qu-BF-009,6,10,270.00,145.00
Az-Mc-0352,4/9/11,MidWest,Be-BF-001,14,16,352.00,160.00
Az-Mc-0353,6/23/11,East,Qu-BF-009,14,26,702.00,377.00
Az-Mc-0354,4/20/11,MidWest,Qu-BF-009,20,64,1728.00,928.00
Az-Mc-0355,3/19/11,West,Ss-BF-004,3,45,945.00,416.25
Az-Mc-0356,1/1/11,West,Ss-BF-004,19,40,840.00,370.00
Az-Mc-0357,1/19/11,MidWest,Ss-BF-004,16,32,672.00,296.00
Az-Mc-0358,1/21/11,West,Qu-BF-009,29,36,972.00,522.00
Az-Mc-0359,2/3/11,MidWest,Ss-BF-004,18,17,357.00,157.25
Az-Mc-0360,4/10/11,MidWest,Be-BF-001,4,7,154.00,70.00
Az-Mc-0361,1/24/11,West,Ss-BF-004,4,49,1029.00,453.25
Az-Mc-0362,3/3/11,West,Qu-BF-009,29,33,891.00,478.50
Az-Mc-0363,2/27/11,West,Be-BF-001,8,22,484.00,220.00
Az-Mc-0364,6/5/11,South,Qu-BF-009,23,16,432.00,232.00
Az-Mc-0365,3/25/11,MidWest,Ss-BF-004,10,18,378.00,166.50
Az-Mc-0366,3/24/11,East,Ca-BF-002,26,51,1173.00,561.00
Az-Mc-0367,6/16/11,South,Su-BF-003,28,34,646.00,272.00
Az-Mc-0368,2/22/11,East,Ca-BF-002,7,63,1449.00,693.00
Az-Mc-0369,5/13/11,East,Ca-BF-002,30,28,644.00,308.00
Az-Mc-0370,6/18/11,West,Qu-BF-009,24,44,1188.00,638.00
Az-Mc-0371,3/15/11,MidWest,Ca-BF-002,21,55,1265.00,605.00
Az-Mc-0372,2/23/11,MidWest,Ca-BF-002,15,63,1449.00,693.00
Az-Mc-0373,3/20/11,MidWest,Be-BF-001,21,6,132.00,60.00
Az-Mc-0374,3/27/11,East,Ca-BF-002,6,22,506.00,242.00
Az-Mc-0375,1/16/11,West,Ss-BF-004,26,30,630.00,277.50
Az-Mc-0376,3/12/11,South,Ss-BF-004,28,31,651.00,286.75
Az-Mc-0377,4/6/11,MidWest,Ss-BF-004,25,55,1155.00,508.75
Az-Mc-0378,3/24/11,South,Be-BF-001,29,50,1100.00,500.00
Az-Mc-0379,4/30/11,South,Qu-BF-009,25,55,1485.00,797.50
Az-Mc-0380,5/22/11,South,Su-BF-003,19,64,1216.00,512.00
Az-Mc-0381,3/24/11,East,Ca-BF-002,23,45,1035.00,495.00
Az-Mc-0382,2/18/11,South,Su-BF-003,10,31,589.00,248.00
Az-Mc-0383,3/7/11,East,Be-BF-001,28,14,308.00,140.00
Az-Mc-0384,4/2/11,West,Su-BF-003,11,49,931.00,392.00
Az-Mc-0385,5/26/11,East,Ca-BF-002,24,41,943.00,451.00
Az-Mc-0386,5/22/11,West,Be-BF-001,7,56,1232.00,560.00
Az-Mc-0387,1/29/11,West,Su-BF-003,12,14,266.00,112.00
Az-Mc-0388,3/14/11,West,Su-BF-003,11,39,741.00,312.00
Az-Mc-0389,5/30/11,East,Be-BF-001,10,42,924.00,420.00
Az-Mc-0390,3/17/11,MidWest,Ss-BF-004,13,40,840.00,370.00
Az-Mc-0391,2/28/11,South,Qu-BF-009,22,15,405.00,217.50
Az-Mc-0392,2/2/11,West,Su-BF-003,16,26,494.00,208.00
Az-Mc-0393,2/27/11,South,Ss-BF-004,17,6,126.00,55.50
Az-Mc-0394,3/4/11,South,Ss-BF-004,14,7,147.00,64.75
Az-Mc-0395,6/14/11,South,Su-BF-003,25,50,950.00,400.00
Az-Mc-0396,6/23/11,West,Ca-BF-002,13,57,1311.00,627.00
Az-Mc-0397,3/30/11,South,Ss-BF-004,2,31,651.00,286.75
Az-Mc-0398,2/28/11,MidWest,Su-BF-003,6,40,760.00,320.00
Az-Mc-0399,5/6/11,MidWest,Qu-BF-009,4,61,1647.00,884.50
Az-Mc-0400,2/6/11,East,Ss-BF-004,17,27,567.00,249.75
Az-Mc-0401,1/26/11,East,Ss-BF-004,8,41,861.00,379.25
Az-Mc-0402,5/25/11,East,Be-BF-001,3,51,1122.00,510.00
Az-Mc-0403,3/13/11,South,Qu-BF-009,29,61,1647.00,884.50
Az-Mc-0404,5/9/11,South,Su-BF-003,11,30,570.00,240.00
Az-Mc-0405,1/5/11,West,Ss-BF-004,9,28,588.00,259.00
Az-Mc-0406,4/22/11,East,Qu-BF-009,13,63,1701.00,913.50
Az-Mc-0407,1/13/11,South,Su-BF-003,16,61,1159.00,488.00
Az-Mc-0408,1/8/11,MidWest,Su-BF-003,29,45,855.00,360.00
Az-Mc-0409,1/10/11,MidWest,Qu-BF-009,6,49,1323.00,710.50
Az-Mc-0410,5/7/11,South,Be-BF-001,8,16,352.00,160.00
Az-Mc-0411,4/22/11,East,Qu-BF-009,24,16,432.00,232.00
Az-Mc-0412,5/11/11,MidWest,Su-BF-003,21,15,285.00,120.00
Az-Mc-0413,5/30/11,East,Be-BF-001,8,20,440.00,200.00
Az-Mc-0414,4/16/11,West,Su-BF-003,1,36,684.00,288.00
Az-Mc-0415,6/13/11,East,Ss-BF-004,25,45,945.00,416.25
Az-Mc-0416,4/13/11,East,Ss-BF-004,26,30,630.00,277.50
Az-Mc-0417,2/23/11,East,Be-BF-001,19,14,308.00,140.00
Az-Mc-0418,6/11/11,South,Qu-BF-009,23,17,459.00,246.50
Az-Mc-0419,2/16/11,West,Be-BF-001,13,55,1210.00,550.00
Az-Mc-0420,3/17/11,West,Be-BF-001,18,23,506.00,230.00
Az-Mc-0421,6/3/11,South,Ss-BF-004,1,55,1155.00,508.75
Az-Mc-0422,4/25/11,MidWest,Ss-BF-004,26,44,924.00,407.00
Az-Mc-0423,5/26/11,East,Qu-BF-009,14,36,972.00,522.00
Az-Mc-0424,5/8/11,South,Be-BF-001,11,55,1210.00,550.00
Az-Mc-0425,6/6/11,South,Su-BF-003,9,32,608.00,256.00
Az-Mc-0426,6/16/11,MidWest,Ss-BF-004,18,21,441.00,194.25
Az-Mc-0427,5/12/11,South,Ss-BF-004,19,46,966.00,425.50
Az-Mc-0428,3/25/11,West,Be-BF-001,29,32,704.00,320.00
Az-Mc-0429,2/18/11,MidWest,Qu-BF-009,30,22,594.00,319.00
Az-Mc-0430,6/8/11,MidWest,Qu-BF-009,4,48,1296.00,696.00
Az-Mc-0431,4/22/11,West,Ca-BF-002,28,49,1127.00,539.00
Az-Mc-0432,3/8/11,MidWest,Be-BF-001,9,21,462.00,210.00
Az-Mc-0433,6/11/11,MidWest,Ca-BF-002,1,23,529.00,253.00
Az-Mc-0434,6/16/11,MidWest,Ss-BF-004,24,38,798.00,351.50
Az-Mc-0435,5/26/11,MidWest,Ca-BF-002,24,9,207.00,99.00
Az-Mc-0436,4/17/11,West,Ss-BF-004,26,37,777.00,342.25
Az-Mc-0437,5/12/11,East,Ca-BF-002,22,19,437.00,209.00
Az-Mc-0438,2/9/11,East,Ss-BF-004,14,8,168.00,74.00
Az-Mc-0439,1/21/11,South,Su-BF-003,29,63,1197.00,504.00
Az-Mc-0440,2/12/11,East,Qu-BF-009,16,24,648.00,348.00
Az-Mc-0441,3/16/11,MidWest,Be-BF-001,26,25,550.00,250.00
Az-Mc-0442,1/23/11,West,Be-BF-001,18,12,264.00,120.00
Az-Mc-0443,3/20/11,West,Ca-BF-002,8,65,1495.00,715.00
Az-Mc-0444,4/28/11,West,Ss-BF-004,27,12,252.00,111.00
Az-Mc-0445,6/17/11,South,Qu-BF-009,30,49,1323.00,710.50
Az-Mc-0446,2/4/11,MidWest,Ss-BF-004,11,32,672.00,296.00
Az-Mc-0447,5/10/11,MidWest,Ss-BF-004,10,13,273.00,120.25
Az-Mc-0448,6/17/11,West,Ca-BF-002,17,8,184.00,88.00
Az-Mc-0449,2/8/11,East,Qu-BF-009,4,19,513.00,275.50
Az-Mc-0450,3/30/11,South,Ca-BF-002,1,36,828.00,396.00
Az-Mc-0451,4/19/11,West,Su-BF-003,19,24,456.00,192.00
Az-Mc-0452,6/6/11,MidWest,Ss-BF-004,1,8,168.00,74.00
Az-Mc-0453,3/24/11,South,Ss-BF-004,28,45,945.00,416.25
Az-Mc-0454,3/17/11,South,Qu-BF-009,7,64,1728.00,928.00
Az-Mc-0455,3/18/11,South,Su-BF-003,29,27,513.00,216.00
Az-Mc-0456,1/28/11,MidWest,Qu-BF-009,9,60,1620.00,870.00
Az-Mc-0457,5/19/11,South,Qu-BF-009,1,54,1458.00,783.00
Az-Mc-0458,1/31/11,West,Su-BF-003,21,21,399.00,168.00
Az-Mc-0459,4/17/11,West,Qu-BF-009,7,63,1701.00,913.50
Az-Mc-0460,6/19/11,South,Qu-BF-009,21,52,1404.00,754.00
Az-Mc-0461,4/8/11,East,Ss-BF-004,7,39,819.00,360.75
Az-Mc-0462,1/27/11,South,Ss-BF-004,20,15,315.00,138.75
Az-Mc-0463,5/15/11,South,Ss-BF-004,26,34,714.00,314.50
Az-Mc-0464,1/7/11,MidWest,Be-BF-001,19,54,1188.00,540.00
Az-Mc-0465,3/11/11,West,Ca-BF-002,14,57,1311.00,627.00
Az-Mc-0466,1/20/11,MidWest,Qu-BF-009,28,7,189.00,101.50
Az-Mc-0467,6/12/11,East,Be-BF-001,2,20,440.00,200.00
Az-Mc-0468,4/8/11,East,Su-BF-003,30,55,1045.00,440.00
Az-Mc-0469,1/15/11,South,Be-BF-001,9,27,594.00,270.00
Az-Mc-0470,1/25/11,East,Ss-BF-004,8,54,1134.00,499.50
Az-Mc-0471,4/20/11,West,Be-BF-001,27,10,220.00,100.00
Az-Mc-0472,6/11/11,West,Ss-BF-004,4,20,420.00,185.00
Az-Mc-0473,4/15/11,MidWest,Qu-BF-009,23,47,1269.00,681.50
Az-Mc-0474,5/24/11,South,Ss-BF-004,19,15,315.00,138.75
Az-Mc-0475,1/4/11,West,Ss-BF-004,6,28,588.00,259.00
Az-Mc-0476,5/23/11,West,Ss-BF-004,9,30,630.00,277.50
Az-Mc-0477,5/18/11,West,Ca-BF-002,4,57,1311.00,627.00
Az-Mc-0478,1/3/11,East,Ca-BF-002,10,24,552.00,264.00
Az-Mc-0479,3/3/11,West,Be-BF-001,13,16,352.00,160.00
Az-Mc-0480,5/12/11,West,Be-BF-001,9,46,1012.00,460.00
Az-Mc-0481,2/8/11,West,Qu-BF-009,2,52,1404.00,754.00
Az-Mc-0482,5/20/11,South,Be-BF-001,9,29,638.00,290.00
Az-Mc-0483,3/16/11,West,Be-BF-001,26,9,198.00,90.00
Az-Mc-0484,3/20/11,West,Su-BF-003,17,13,247.00,104.00
Az-Mc-0485,4/10/11,South,Ss-BF-004,10,8,168.00,74.00
Az-Mc-0486,4/15/11,South,Su-BF-003,8,26,494.00,208.00
Az-Mc-0487,3/26/11,South,Ss-BF-004,28,12,252.00,111.00
Az-Mc-0488,2/13/11,East,Su-BF-003,30,24,456.00,192.00
Az-Mc-0489,6/27/11,South,Qu-BF-009,26,47,1269.00,681.50
Az-Mc-0490,6/12/11,East,Be-BF-001,17,11,242.00,110.00
Az-Mc-0491,5/9/11,South,Ss-BF-004,17,45,945.00,416.25
Az-Mc-0492,4/19/11,East,Qu-BF-009,5,18,486.00,261.00
Az-Mc-0493,5/19/11,West,Qu-BF-009,23,64,1728.00,928.00
Az-Mc-0494,3/23/11,MidWest,Be-BF-001,5,42,924.00,420.00
Az-Mc-0495,6/17/11,East,Su-BF-003,14,41,779.00,328.00
Az-Mc-0496,4/4/11,West,Qu-BF-009,7,10,270.00,145.00
Az-Mc-0497,1/30/11,West,Qu-BF-009,13,59,1593.00,855.50
Az-Mc-0498,5/2/11,South,Qu-BF-009,1,45,1215.00,652.50
Az-Mc-0499,5/10/11,South,Su-BF-003,4,26,494.00,208.00
Az-Mc-0500,5/16/11,South,Qu-BF-009,16,9,243.00,130.50
Az-Mc-0501,1/27/11,South,Ca-BF-002,3,20,460.00,220.00
Az-Mc-0502,1/12/11,West,Be-BF-001,19,18,396.00,180.00
Az-Mc-0503,2/4/11,West,Qu-BF-009,27,12,324.00,174.00
Az-Mc-0504,2/4/11,MidWest,Be-BF-001,30,65,1430.00,650.00
Az-Mc-0505,5/23/11,South,Qu-BF-009,14,20,540.00,290.00
Az-Mc-0506,6/14/11,South,Qu-BF-009,1,40,1080.00,580.00
Az-Mc-0507,5/1/11,West,Su-BF-003,26,52,988.00,416.00
Az-Mc-0508,1/11/11,MidWest,Ca-BF-002,27,53,1219.00,583.00
Az-Mc-0509,6/17/11,South,Ca-BF-002,10,19,437.00,209.00
Az-Mc-0510,1/6/11,West,Qu-BF-009,5,13,351.00,188.50
Az-Mc-0511,4/9/11,West,Be-BF-001,21,43,946.00,430.00
Az-Mc-0512,5/15/11,MidWest,Qu-BF-009,14,18,486.00,261.00
Az-Mc-0513,1/1/11,South,Qu-BF-009,11,45,1215.00,652.50
Az-Mc-0514,5/30/11,South,Qu-BF-009,22,50,1350.00,725.00
Az-Mc-0515,2/9/11,MidWest,Be-BF-001,24,64,1408.00,640.00
Az-Mc-0516,3/21/11,South,Ca-BF-002,28,28,644.00,308.00
Az-Mc-0517,3/24/11,MidWest,Be-BF-001,8,30,660.00,300.00
Az-Mc-0518,6/1/11,West,Qu-BF-009,25,28,756.00,406.00
Az-Mc-0519,4/28/11,South,Ca-BF-002,27,15,345.00,165.00
Az-Mc-0520,1/6/11,South,Ss-BF-004,17,64,1344.00,592.00
Az-Mc-0521,6/8/11,West,Ca-BF-002,1,19,437.00,209.00
Az-Mc-0522,5/3/11,MidWest,Be-BF-001,15,22,484.00,220.00
Az-Mc-0523,5/17/11,West,Ca-BF-002,16,60,1380.00,660.00
Az-Mc-0524,5/29/11,South,Su-BF-003,8,63,1197.00,504.00
Az-Mc-0525,2/19/11,South,Be-BF-001,7,64,1408.00,640.00
Az-Mc-0526,2/9/11,South,Be-BF-001,4,40,880.00,400.00
Az-Mc-0527,5/19/11,West,Ss-BF-004,16,19,399.00,175.75
Az-Mc-0528,6/20/11,South,Ss-BF-004,12,14,294.00,129.50
Az-Mc-0529,1/31/11,MidWest,Qu-BF-009,26,40,1080.00,580.00
Az-Mc-0530,1/7/11,South,Be-BF-001,30,18,396.00,180.00
Az-Mc-0531,4/1/11,MidWest,Ca-BF-002,17,22,506.00,242.00
Az-Mc-0532,6/5/11,West,Ss-BF-004,26,20,420.00,185.00
Az-Mc-0533,3/25/11,MidWest,Ss-BF-004,5,13,273.00,120.25
Az-Mc-0534,2/18/11,West,Be-BF-001,28,50,1100.00,500.00
Az-Mc-0535,4/19/11,MidWest,Su-BF-003,21,9,171.00,72.00
Az-Mc-0536,5/5/11,MidWest,Su-BF-003,5,58,1102.00,464.00
Az-Mc-0537,6/2/11,MidWest,Be-BF-001,22,57,1254.00,570.00
Az-Mc-0538,6/21/11,MidWest,Ca-BF-002,9,30,690.00,330.00
Az-Mc-0539,2/5/11,MidWest,Ss-BF-004,8,27,567.00,249.75
Az-Mc-0540,1/23/11,South,Qu-BF-009,13,60,1620.00,870.00
Az-Mc-0541,2/18/11,West,Be-BF-001,23,30,660.00,300.00
Az-Mc-0542,1/7/11,MidWest,Qu-BF-009,14,15,405.00,217.50
Az-Mc-0543,2/18/11,MidWest,Ss-BF-004,8,11,231.00,101.75
Az-Mc-0544,3/28/11,MidWest,Su-BF-003,13,34,646.00,272.00
Az-Mc-0545,4/20/11,East,Be-BF-001,22,56,1232.00,560.00
Az-Mc-0546,1/3/11,South,Qu-BF-009,2,41,1107.00,594.50
Az-Mc-0547,4/13/11,West,Qu-BF-009,26,46,1242.00,667.00
Az-Mc-0548,2/18/11,West,Ss-BF-004,15,32,672.00,296.00
Az-Mc-0549,4/20/11,MidWest,Be-BF-001,24,55,1210.00,550.00
Az-Mc-0550,5/19/11,South,Be-BF-001,14,56,1232.00,560.00
Az-Mc-0551,2/27/11,East,Be-BF-001,30,34,748.00,340.00
Az-Mc-0552,5/16/11,East,Su-BF-003,2,37,703.00,296.00
Az-Mc-0553,5/29/11,West,Be-BF-001,25,11,242.00,110.00
Az-Mc-0554,2/19/11,East,Ca-BF-002,3,56,1288.00,616.00
Az-Mc-0555,3/13/11,South,Be-BF-001,20,36,792.00,360.00
Az-Mc-0556,2/20/11,East,Ss-BF-004,1,27,567.00,249.75
Az-Mc-0557,5/15/11,MidWest,Qu-BF-009,14,55,1485.00,797.50
Az-Mc-0558,1/16/11,East,Be-BF-001,26,54,1188.00,540.00
Az-Mc-0559,1/8/11,MidWest,Be-BF-001,27,60,1320.00,600.00
Az-Mc-0560,5/6/11,East,Qu-BF-009,21,28,756.00,406.00
Az-Mc-0561,5/29/11,West,Be-BF-001,9,37,814.00,370.00
Az-Mc-0562,3/26/11,West,Su-BF-003,20,6,114.00,48.00
Az-Mc-0563,6/19/11,West,Be-BF-001,1,33,726.00,330.00
Az-Mc-0564,1/18/11,South,Su-BF-003,7,21,399.00,168.00
Az-Mc-0565,5/20/11,East,Qu-BF-009,18,39,1053.00,565.50
Az-Mc-0566,4/8/11,West,Su-BF-003,16,59,1121.00,472.00
Az-Mc-0567,5/5/11,West,Ca-BF-002,22,43,989.00,473.00
Az-Mc-0568,2/21/11,West,Ca-BF-002,25,64,1472.00,704.00
Az-Mc-0569,3/15/11,East,Ss-BF-004,29,48,1008.00,444.00
Az-Mc-0570,2/9/11,West,Su-BF-003,30,33,627.00,264.00
Az-Mc-0571,1/4/11,South,Ca-BF-002,4,50,1150.00,550.00
Az-Mc-0572,2/3/11,West,Qu-BF-009,10,43,1161.00,623.50
Az-Mc-0573,1/19/11,East,Su-BF-003,8,37,703.00,296.00
Az-Mc-0574,1/18/11,South,Su-BF-003,13,14,266.00,112.00
Az-Mc-0575,6/5/11,East,Ss-BF-004,8,19,399.00,175.75
Az-Mc-0576,1/10/11,West,Qu-BF-009,24,33,891.00,478.50
Az-Mc-0577,3/14/11,West,Qu-BF-009,26,62,1674.00,899.00
Az-Mc-0578,1/3/11,South,Ca-BF-002,13,56,1288.00,616.00
Az-Mc-0579,1/6/11,South,Su-BF-003,5,20,380.00,160.00
Az-Mc-0580,3/4/11,MidWest,Qu-BF-009,4,45,1215.00,652.50
Az-Mc-0581,3/21/11,West,Ca-BF-002,4,26,598.00,286.00
Az-Mc-0582,2/28/11,West,Qu-BF-009,4,14,378.00,203.00
Az-Mc-0583,5/27/11,East,Be-BF-001,25,46,1012.00,460.00
Az-Mc-0584,5/20/11,South,Ca-BF-002,17,10,230.00,110.00
Az-Mc-0585,6/4/11,West,Ss-BF-004,10,56,1176.00,518.00
Az-Mc-0586,2/25/11,MidWest,Ss-BF-004,14,31,651.00,286.75
Az-Mc-0587,2/16/11,East,Ss-BF-004,22,51,1071.00,471.75
Az-Mc-0588,6/27/11,West,Be-BF-001,24,52,1144.00,520.00
Az-Mc-0589,4/8/11,East,Be-BF-001,13,65,1430.00,650.00
Az-Mc-0590,1/15/11,East,Be-BF-001,22,52,1144.00,520.00
Az-Mc-0591,4/26/11,MidWest,Ss-BF-004,8,42,882.00,388.50
Az-Mc-0592,4/24/11,MidWest,Be-BF-001,15,55,1210.00,550.00
Az-Mc-0593,5/25/11,MidWest,Qu-BF-009,25,27,729.00,391.50
Az-Mc-0594,5/23/11,East,Su-BF-003,3,29,551.00,232.00
Az-Mc-0595,2/6/11,MidWest,Ca-BF-002,25,41,943.00,451.00
Az-Mc-0596,4/24/11,East,Be-BF-001,28,42,924.00,420.00
Az-Mc-0597,4/25/11,East,Su-BF-003,24,57,1083.00,456.00
Az-Mc-0598,2/19/11,East,Ca-BF-002,27,35,805.00,385.00
Az-Mc-0599,1/22/11,South,Be-BF-001,6,42,924.00,420.00
Az-Mc-0600,2/20/11,MidWest,Be-BF-001,5,9,198.00,90.00
Az-Mc-0601,3/23/11,South,Qu-BF-009,9,58,1566.00,841.00
Az-Mc-0602,5/3/11,MidWest,Ss-BF-004,3,17,357.00,157.25
Az-Mc-0603,2/12/11,MidWest,Be-BF-001,16,30,660.00,300.00
Az-Mc-0604,5/9/11,South,Be-BF-001,11,44,968.00,440.00
Az-Mc-0605,6/15/11,South,Su-BF-003,23,38,722.00,304.00
Az-Mc-0606,1/17/11,MidWest,Su-BF-003,23,29,551.00,232.00
Az-Mc-0607,1/24/11,East,Qu-BF-009,17,14,378.00,203.00
Az-Mc-0608,1/10/11,West,Be-BF-001,12,31,682.00,310.00
Az-Mc-0609,6/22/11,East,Ss-BF-004,15,63,1323.00,582.75
Az-Mc-0610,2/5/11,South,Be-BF-001,13,21,462.00,210.00
Az-Mc-0611,1/2/11,West,Qu-BF-009,29,27,729.00,391.50
Az-Mc-0612,1/17/11,MidWest,Qu-BF-009,26,58,1566.00,841.00
Az-Mc-0613,6/18/11,East,Su-BF-003,27,42,798.00,336.00
Az-Mc-0614,6/16/11,East,Ca-BF-002,12,39,897.00,429.00
Az-Mc-0615,6/6/11,East,Su-BF-003,16,9,171.00,72.00
Az-Mc-0616,5/21/11,South,Ss-BF-004,21,31,651.00,286.75
Az-Mc-0617,4/19/11,South,Ca-BF-002,13,60,1380.00,660.00
Az-Mc-0618,3/1/11,South,Qu-BF-009,23,14,378.00,203.00
Az-Mc-0619,4/13/11,MidWest,Su-BF-003,27,48,912.00,384.00
Az-Mc-0620,4/17/11,South,Ss-BF-004,20,58,1218.00,536.50
Az-Mc-0621,3/2/11,South,Be-BF-001,24,22,484.00,220.00
Az-Mc-0622,5/30/11,South,Ss-BF-004,2,39,819.00,360.75
Az-Mc-0623,1/13/11,West,Su-BF-003,11,48,912.00,384.00
Az-Mc-0624,4/7/11,MidWest,Qu-BF-009,5,46,1242.00,667.00
Az-Mc-0625,4/19/11,East,Ca-BF-002,6,10,230.00,110.00
Az-Mc-0626,2/14/11,East,Su-BF-003,2,26,494.00,208.00
Az-Mc-0627,3/6/11,East,Ss-BF-004,13,34,714.00,314.50
Az-Mc-0628,6/16/11,East,Ss-BF-004,24,47,987.00,434.75
Az-Mc-0629,3/31/11,West,Su-BF-003,18,16,304.00,128.00
Az-Mc-0630,1/17/11,South,Qu-BF-009,26,31,837.00,449.50
Az-Mc-0631,3/3/11,West,Be-BF-001,9,30,660.00,300.00
Az-Mc-0632,4/23/11,West,Qu-BF-009,8,44,1188.00,638.00
Az-Mc-0633,3/29/11,South,Be-BF-001,20,15,330.00,150.00
Az-Mc-0634,3/20/11,MidWest,Be-BF-001,27,30,660.00,300.00
Az-Mc-0635,6/24/11,South,Ss-BF-004,9,9,189.00,83.25
Az-Mc-0636,3/13/11,MidWest,Be-BF-001,20,30,660.00,300.00
Az-Mc-0637,2/10/11,South,Ss-BF-004,7,28,588.00,259.00
Az-Mc-0638,5/30/11,South,Ss-BF-004,26,26,546.00,240.50
Az-Mc-0639,5/18/11,West,Ca-BF-002,16,13,299.00,143.00
Az-Mc-0640,4/14/11,South,Qu-BF-009,7,60,1620.00,870.00
Az-Mc-0641,4/30/11,South,Qu-BF-009,27,60,1620.00,870.00
Az-Mc-0642,4/23/11,West,Qu-BF-009,10,11,297.00,159.50
Az-Mc-0643,3/7/11,South,Ss-BF-004,20,16,336.00,148.00
Az-Mc-0644,2/19/11,South,Su-BF-003,14,61,1159.00,488.00
Az-Mc-0645,3/14/11,West,Su-BF-003,20,35,665.00,280.00
Az-Mc-0646,3/30/11,South,Su-BF-003,17,48,912.00,384.00
Az-Mc-0647,4/12/11,East,Ss-BF-004,19,44,924.00,407.00
Az-Mc-0648,6/4/11,South,Qu-BF-009,16,46,1242.00,667.00
Az-Mc-0649,5/28/11,East,Su-BF-003,18,9,171.00,72.00
Az-Mc-0650,1/8/11,West,Ca-BF-002,19,23,529.00,253.00
Az-Mc-0651,6/29/11,South,Su-BF-003,23,31,589.00,248.00
Az-Mc-0652,1/26/11,South,Ca-BF-002,17,63,1449.00,693.00
Az-Mc-0653,6/18/11,MidWest,Ss-BF-004,20,51,1071.00,471.75
Az-Mc-0654,3/22/11,East,Ss-BF-004,17,55,1155.00,508.75
Az-Mc-0655,3/31/11,MidWest,Su-BF-003,19,19,361.00,152.00
Az-Mc-0656,3/26/11,West,Ca-BF-002,16,11,253.00,121.00
Az-Mc-0657,1/9/11,South,Ss-BF-004,25,65,1365.00,601.25
Az-Mc-0658,1/14/11,South,Qu-BF-009,21,34,918.00,493.00
Az-Mc-0659,6/12/11,East,Qu-BF-009,16,64,1728.00,928.00
Az-Mc-0660,5/7/11,South,Be-BF-001,6,41,902.00,410.00
Az-Mc-0661,1/26/11,MidWest,Su-BF-003,12,42,798.00,336.00
Az-Mc-0662,3/7/11,East,Ca-BF-002,18,41,943.00,451.00
Az-Mc-0663,4/28/11,South,Be-BF-001,20,7,154.00,70.00
Az-Mc-0664,1/6/11,East,Qu-BF-009,13,18,486.00,261.00
Az-Mc-0665,1/14/11,South,Qu-BF-009,30,56,1512.00,812.00
Az-Mc-0666,2/20/11,West,Su-BF-003,9,10,190.00,80.00
Az-Mc-0667,2/15/11,East,Ca-BF-002,12,19,437.00,209.00
Az-Mc-0668,6/28/11,East,Ca-BF-002,8,15,345.00,165.00
Az-Mc-0669,2/8/11,East,Be-BF-001,26,53,1166.00,530.00
Az-Mc-0670,5/23/11,MidWest,Qu-BF-009,4,42,1134.00,609.00
Az-Mc-0671,3/15/11,South,Be-BF-001,24,51,1122.00,510.00
Az-Mc-0672,5/12/11,West,Ca-BF-002,4,52,1196.00,572.00
Az-Mc-0673,3/9/11,West,Be-BF-001,30,16,352.00,160.00
Az-Mc-0674,4/20/11,South,Su-BF-003,8,64,1216.00,512.00
Az-Mc-0675,1/19/11,South,Be-BF-001,3,26,572.00,260.00
Az-Mc-0676,5/12/11,West,Su-BF-003,11,49,931.00,392.00
Az-Mc-0677,4/21/11,West,Ca-BF-002,22,61,1403.00,671.00
Az-Mc-0678,1/19/11,MidWest,Qu-BF-009,3,37,999.00,536.50
Az-Mc-0679,6/11/11,South,Ss-BF-004,1,36,756.00,333.00
Az-Mc-0680,3/1/11,East,Qu-BF-009,28,41,1107.00,594.50
Az-Mc-0681,6/20/11,MidWest,Su-BF-003,29,29,551.00,232.00
Az-Mc-0682,1/19/11,South,Be-BF-001,30,18,396.00,180.00
Az-Mc-0683,1/30/11,South,Ss-BF-004,9,23,483.00,212.75
Az-Mc-0684,6/21/11,East,Qu-BF-009,21,30,810.00,435.00
Az-Mc-0685,2/18/11,South,Su-BF-003,6,15,285.00,120.00
Az-Mc-0686,3/28/11,MidWest,Qu-BF-009,13,59,1593.00,855.50
Az-Mc-0687,4/18/11,East,Ss-BF-004,4,57,1197.00,527.25
Az-Mc-0688,3/11/11,MidWest,Su-BF-003,30,8,152.00,64.00
Az-Mc-0689,1/16/11,South,Ca-BF-002,19,33,759.00,363.00
Az-Mc-0690,4/5/11,West,Ca-BF-002,15,37,851.00,407.00
Az-Mc-0691,6/28/11,MidWest,Su-BF-003,3,60,1140.00,480.00
Az-Mc-0692,3/5/11,MidWest,Qu-BF-009,17,26,702.00,377.00
Az-Mc-0693,3/16/11,MidWest,Su-BF-003,10,11,209.00,88.00
Az-Mc-0694,6/26/11,West,Ss-BF-004,20,23,483.00,212.75
Az-Mc-0695,3/27/11,East,Ca-BF-002,18,57,1311.00,627.00
Az-Mc-0696,4/20/11,South,Be-BF-001,23,20,440.00,200.00
Az-Mc-0697,2/25/11,East,Qu-BF-009,29,38,1026.00,551.00
Az-Mc-0698,6/12/11,MidWest,Be-BF-001,23,6,132.00,60.00
Az-Mc-0699,2/2/11,South,Su-BF-003,11,39,741.00,312.00
Az-Mc-0700,4/11/11,South,Qu-BF-009,22,10,270.00,145.00
Az-Mc-0701,3/30/11,South,Qu-BF-009,22,45,1215.00,652.50
Az-Mc-0702,4/26/11,East,Be-BF-001,13,55,1210.00,550.00
Az-Mc-0703,3/28/11,East,Su-BF-003,1,25,475.00,200.00
Az-Mc-0704,5/1/11,MidWest,Qu-BF-009,22,44,1188.00,638.00
Az-Mc-0705,1/25/11,East,Ca-BF-002,30,21,483.00,231.00
Az-Mc-0706,3/31/11,MidWest,Be-BF-001,17,13,286.00,130.00
Az-Mc-0707,2/3/11,MidWest,Ca-BF-002,20,17,391.00,187.00
Az-Mc-0708,6/4/11,West,Be-BF-001,3,52,1144.00,520.00
Az-Mc-0709,2/26/11,South,Be-BF-001,6,29,638.00,290.00
Az-Mc-0710,3/23/11,East,Ss-BF-004,15,63,1323.00,582.75
Az-Mc-0711,4/10/11,West,Be-BF-001,24,19,418.00,190.00
Az-Mc-0712,6/9/11,South,Ss-BF-004,17,51,1071.00,471.75
Az-Mc-0713,3/13/11,West,Ca-BF-002,14,9,207.00,99.00
Az-Mc-0714,6/6/11,East,Su-BF-003,8,57,1083.00,456.00
Az-Mc-0715,2/1/11,East,Ss-BF-004,8,46,966.00,425.50
Az-Mc-0716,5/17/11,East,Ca-BF-002,4,51,1173.00,561.00
Az-Mc-0717,5/9/11,East,Su-BF-003,16,48,912.00,384.00
Az-Mc-0718,5/29/11,South,Qu-BF-009,22,34,918.00,493.00
Az-Mc-0719,2/27/11,South,Qu-BF-009,27,16,432.00,232.00
Az-Mc-0720,6/23/11,West,Ca-BF-002,28,54,1242.00,594.00
Az-Mc-0721,6/28/11,MidWest,Su-BF-003,7,22,418.00,176.00
Az-Mc-0722,6/4/11,West,Ss-BF-004,23,28,588.00,259.00
Az-Mc-0723,3/7/11,MidWest,Be-BF-001,22,30,660.00,300.00
Az-Mc-0724,2/3/11,South,Ca-BF-002,7,37,851.00,407.00
Az-Mc-0725,2/15/11,East,Be-BF-001,8,27,594.00,270.00
Az-Mc-0726,6/20/11,MidWest,Ss-BF-004,20,10,210.00,92.50
Az-Mc-0727,3/31/11,MidWest,Be-BF-001,6,51,1122.00,510.00
Az-Mc-0728,1/7/11,East,Qu-BF-009,13,56,1512.00,812.00
Az-Mc-0729,6/16/11,MidWest,Su-BF-003,6,52,988.00,416.00
Az-Mc-0730,4/18/11,West,Ss-BF-004,25,11,231.00,101.75
Az-Mc-0731,3/12/11,South,Qu-BF-009,28,45,1215.00,652.50
Az-Mc-0732,2/14/11,MidWest,Ss-BF-004,25,49,1029.00,453.25
Az-Mc-0733,6/11/11,East,Su-BF-003,21,25,475.00,200.00
Az-Mc-0734,3/3/11,MidWest,Su-BF-003,30,12,228.00,96.00
Az-Mc-0735,2/20/11,West,Su-BF-003,30,42,798.00,336.00
Az-Mc-0736,4/2/11,East,Su-BF-003,13,46,874.00,368.00
Az-Mc-0737,3/4/11,West,Ss-BF-004,24,25,525.00,231.25
Az-Mc-0738,3/28/11,West,Ss-BF-004,10,19,399.00,175.75
Az-Mc-0739,6/4/11,East,Su-BF-003,2,31,589.00,248.00
Az-Mc-0740,5/9/11,South,Be-BF-001,18,23,506.00,230.00
Az-Mc-0741,1/21/11,MidWest,Ca-BF-002,14,49,1127.00,539.00
Az-Mc-0742,1/24/11,MidWest,Qu-BF-009,30,65,1755.00,942.50
Az-Mc-0743,6/22/11,MidWest,Ca-BF-002,4,60,1380.00,660.00
Az-Mc-0744,6/14/11,East,Be-BF-001,14,53,1166.00,530.00
Az-Mc-0745,6/10/11,West,Su-BF-003,25,20,380.00,160.00
Az-Mc-0746,3/1/11,West,Ca-BF-002,6,18,414.00,198.00
Az-Mc-0747,2/23/11,East,Qu-BF-009,19,64,1728.00,928.00
Az-Mc-0748,5/8/11,MidWest,Ca-BF-002,7,24,552.00,264.00
Az-Mc-0749,4/7/11,MidWest,Ca-BF-002,28,21,483.00,231.00
Az-Mc-0750,1/18/11,East,Su-BF-003,27,39,741.00,312.00
Az-Mc-0751,5/31/11,East,Su-BF-003,25,55,1045.00,440.00
Az-Mc-0752,2/7/11,East,Qu-BF-009,5,57,1539.00,826.50
Az-Mc-0753,2/1/11,West,Qu-BF-009,8,30,810.00,435.00
Az-Mc-0754,4/10/11,West,Be-BF-001,14,62,1364.00,620.00
Az-Mc-0755,3/4/11,South,Ss-BF-004,10,56,1176.00,518.00
Az-Mc-0756,4/15/11,East,Ca-BF-002,22,28,644.00,308.00
Az-Mc-0757,1/18/11,East,Ss-BF-004,8,23,483.00,212.75
Az-Mc-0758,6/8/11,MidWest,Be-BF-001,29,9,198.00,90.00
Az-Mc-0759,5/6/11,South,Qu-BF-009,28,42,1134.00,609.00
Az-Mc-0760,3/17/11,South,Ss-BF-004,25,11,231.00,101.75
Az-Mc-0761,1/8/11,MidWest,Be-BF-001,12,39,858.00,390.00
Az-Mc-0762,3/25/11,South,Ca-BF-002,29,19,437.00,209.00
Az-Mc-0763,5/17/11,MidWest,Su-BF-003,16,25,475.00,200.00
Az-Mc-0764,5/20/11,MidWest,Ss-BF-004,14,18,378.00,166.50
Az-Mc-0765,4/13/11,West,Qu-BF-009,17,33,891.00,478.50
Az-Mc-0766,3/17/11,MidWest,Ss-BF-004,8,31,651.00,286.75
Az-Mc-0767,5/20/11,East,Su-BF-003,20,61,1159.00,488.00
Az-Mc-0768,6/22/11,West,Be-BF-001,3,26,572.00,260.00
Az-Mc-0769,5/7/11,South,Ss-BF-004,9,63,1323.00,582.75
Az-Mc-0770,3/25/11,East,Qu-BF-009,13,10,270.00,145.00
Az-Mc-0771,4/27/11,East,Ss-BF-004,10,34,714.00,314.50
Az-Mc-0772,4/16/11,South,Be-BF-001,23,38,836.00,380.00
Az-Mc-0773,5/15/11,West,Ca-BF-002,18,49,1127.00,539.00
Az-Mc-0774,6/17/11,West,Ss-BF-004,12,54,1134.00,499.50
Az-Mc-0775,3/30/11,MidWest,Be-BF-001,23,16,352.00,160.00
Az-Mc-0776,5/15/11,West,Qu-BF-009,5,32,864.00,464.00
Az-Mc-0777,3/18/11,West,Su-BF-003,17,10,190.00,80.00
Az-Mc-0778,1/23/11,South,Be-BF-001,6,60,1320.00,600.00
Az-Mc-0779,5/20/11,South,Su-BF-003,30,19,361.00,152.00
Az-Mc-0780,4/18/11,South,Ca-BF-002,20,24,552.00,264.00
Az-Mc-0781,2/21/11,West,Su-BF-003,6,14,266.00,112.00
Az-Mc-0782,2/21/11,East,Qu-BF-009,5,10,270.00,145.00
Az-Mc-0783,1/8/11,MidWest,Ss-BF-004,3,30,630.00,277.50
Az-Mc-0784,1/17/11,East,Ca-BF-002,4,52,1196.00,572.00
Az-Mc-0785,6/19/11,West,Ss-BF-004,3,16,336.00,148.00
Az-Mc-0786,5/22/11,South,Qu-BF-009,30,60,1620.00,870.00
Az-Mc-0787,4/6/11,East,Ca-BF-002,8,20,460.00,220.00
Az-Mc-0788,5/22/11,West,Ca-BF-002,10,17,391.00,187.00
Az-Mc-0789,5/25/11,South,Ss-BF-004,7,23,483.00,212.75
Az-Mc-0790,1/12/11,MidWest,Ss-BF-004,30,48,1008.00,444.00
Az-Mc-0791,6/5/11,West,Ca-BF-002,20,57,1311.00,627.00
Az-Mc-0792,4/29/11,West,Be-BF-001,7,48,1056.00,480.00
Az-Mc-0793,1/7/11,South,Ss-BF-004,26,39,819.00,360.75
Az-Mc-0794,2/20/11,South,Be-BF-001,1,62,1364.00,620.00
Az-Mc-0795,2/6/11,MidWest,Su-BF-003,29,65,1235.00,520.00
Az-Mc-0796,1/17/11,MidWest,Be-BF-001,4,22,484.00,220.00
Az-Mc-0797,5/9/11,West,Su-BF-003,8,27,513.00,216.00
Az-Mc-0798,4/2/11,West,Qu-BF-009,7,63,1701.00,913.50
Az-Mc-0799,5/4/11,South,Su-BF-003,29,43,817.00,344.00
Az-Mc-0800,3/6/11,West,Ss-BF-004,29,60,1260.00,555.00
Az-Mc-0801,2/14/11,South,Qu-BF-009,5,15,405.00,217.50
Az-Mc-0802,4/4/11,MidWest,Be-BF-001,24,43,946.00,430.00
Az-Mc-0803,5/25/11,MidWest,Be-BF-001,4,51,1122.00,510.00
Az-Mc-0804,6/28/11,East,Be-BF-001,23,41,902.00,410.00
Az-Mc-0805,1/17/11,West,Ca-BF-002,10,42,966.00,462.00
Az-Mc-0806,5/23/11,East,Be-BF-001,6,21,462.00,210.00
Az-Mc-0807,2/7/11,West,Su-BF-003,1,36,684.00,288.00
Az-Mc-0808,5/18/11,East,Be-BF-001,16,56,1232.00,560.00
Az-Mc-0809,6/9/11,East,Be-BF-001,19,28,616.00,280.00
Az-Mc-0810,6/20/11,East,Ca-BF-002,26,35,805.00,385.00
Az-Mc-0811,5/2/11,South,Qu-BF-009,11,27,729.00,391.50
Az-Mc-0812,6/27/11,MidWest,Qu-BF-009,12,29,783.00,420.50
Az-Mc-0813,5/16/11,West,Su-BF-003,22,64,1216.00,512.00
Az-Mc-0814,2/2/11,East,Ss-BF-004,16,22,462.00,203.50
Az-Mc-0815,3/5/11,East,Su-BF-003,13,47,893.00,376.00
Az-Mc-0816,4/30/11,South,Be-BF-001,3,43,946.00,430.00
Az-Mc-0817,5/13/11,MidWest,Ss-BF-004,13,20,420.00,185.00
Az-Mc-0818,1/7/11,MidWest,Ca-BF-002,7,21,483.00,231.00
Az-Mc-0819,6/16/11,West,Ss-BF-004,1,23,483.00,212.75
Az-Mc-0820,3/20/11,East,Su-BF-003,23,31,589.00,248.00
Az-Mc-0821,5/1/11,East,Be-BF-001,10,7,154.00,70.00
Az-Mc-0822,2/5/11,East,Qu-BF-009,5,28,756.00,406.00
Az-Mc-0823,2/7/11,West,Qu-BF-009,5,43,1161.00,623.50
Az-Mc-0824,4/30/11,MidWest,Ss-BF-004,5,23,483.00,212.75
Az-Mc-0825,1/5/11,West,Ss-BF-004,17,8,168.00,74.00
Az-Mc-0826,1/12/11,South,Ca-BF-002,22,22,506.00,242.00
Az-Mc-0827,5/15/11,West,Ca-BF-002,25,39,897.00,429.00
Az-Mc-0828,6/7/11,West,Su-BF-003,9,44,836.00,352.00
Az-Mc-0829,2/17/11,South,Be-BF-001,11,9,198.00,90.00
Az-Mc-0830,5/24/11,East,Qu-BF-009,15,53,1431.00,768.50
Az-Mc-0831,5/30/11,East,Ca-BF-002,14,43,989.00,473.00
Az-Mc-0832,6/23/11,MidWest,Ca-BF-002,26,60,1380.00,660.00
Az-Mc-0833,3/24/11,South,Ca-BF-002,3,27,621.00,297.00
Az-Mc-0834,6/21/11,South,Ca-BF-002,8,27,621.00,297.00
Az-Mc-0835,2/7/11,South,Ca-BF-002,29,48,1104.00,528.00
Az-Mc-0836,2/9/11,MidWest,Su-BF-003,7,42,798.00,336.00
Az-Mc-0837,2/22/11,MidWest,Su-BF-003,20,39,741.00,312.00
Az-Mc-0838,3/18/11,West,Ss-BF-004,12,11,231.00,101.75
Az-Mc-0839,2/8/11,East,Ca-BF-002,21,38,874.00,418.00
Az-Mc-0840,1/8/11,East,Ca-BF-002,24,53,1219.00,583.00
Az-Mc-0841,6/25/11,South,Ss-BF-004,21,7,147.00,64.75
Az-Mc-0842,2/7/11,East,Be-BF-001,9,41,902.00,410.00
Az-Mc-0843,4/29/11,East,Ca-BF-002,10,13,299.00,143.00
Az-Mc-0844,3/18/11,East,Be-BF-001,10,15,330.00,150.00
Az-Mc-0845,4/2/11,South,Ca-BF-002,16,42,966.00,462.00
Az-Mc-0846,1/4/11,West,Ca-BF-002,24,40,920.00,440.00
Az-Mc-0847,5/29/11,East,Ca-BF-002,17,30,690.00,330.00
Az-Mc-0848,3/1/11,West,Ss-BF-004,8,27,567.00,249.75
Az-Mc-0849,6/15/11,East,Ca-BF-002,9,8,184.00,88.00
Az-Mc-0850,2/12/11,MidWest,Ca-BF-002,6,22,506.00,242.00
Az-Mc-0851,3/27/11,South,Qu-BF-009,30,23,621.00,333.50
Az-Mc-0852,1/26/11,MidWest,Qu-BF-009,16,61,1647.00,884.50
Az-Mc-0853,6/12/11,MidWest,Qu-BF-009,14,58,1566.00,841.00
Az-Mc-0854,3/16/11,South,Qu-BF-009,16,33,891.00,478.50
Az-Mc-0855,1/27/11,South,Ss-BF-004,9,45,945.00,416.25
Az-Mc-0856,5/2/11,MidWest,Su-BF-003,30,32,608.00,256.00
Az-Mc-0857,3/29/11,MidWest,Su-BF-003,24,65,1235.00,520.00
Az-Mc-0858,1/12/11,West,Ss-BF-004,21,15,315.00,138.75
Az-Mc-0859,6/20/11,MidWest,Ca-BF-002,28,38,874.00,418.00
Az-Mc-0860,6/10/11,South,Ca-BF-002,28,42,966.00,462.00
Az-Mc-0861,2/23/11,East,Qu-BF-009,12,23,621.00,333.50
Az-Mc-0862,4/29/11,West,Be-BF-001,26,54,1188.00,540.00
Az-Mc-0863,6/10/11,West,Ca-BF-002,4,61,1403.00,671.00
Az-Mc-0864,1/5/11,East,Be-BF-001,21,34,748.00,340.00
Az-Mc-0865,4/17/11,South,Ss-BF-004,18,50,1050.00,462.50
Az-Mc-0866,4/6/11,East,Qu-BF-009,3,37,999.00,536.50
Az-Mc-0867,3/13/11,MidWest,Qu-BF-009,8,58,1566.00,841.00
Az-Mc-0868,3/13/11,South,Qu-BF-009,28,60,1620.00,870.00
Az-Mc-0869,3/2/11,South,Ss-BF-004,12,36,756.00,333.00
Az-Mc-0870,1/22/11,MidWest,Su-BF-003,17,43,817.00,344.00
Az-Mc-0871,2/8/11,East,Ss-BF-004,23,48,1008.00,444.00
Az-Mc-0872,5/22/11,East,Ss-BF-004,30,65,1365.00,601.25
Az-Mc-0873,3/9/11,MidWest,Ca-BF-002,22,34,782.00,374.00
Az-Mc-0874,4/7/11,South,Qu-BF-009,4,9,243.00,130.50
Az-Mc-0875,4/17/11,South,Ss-BF-004,12,37,777.00,342.25
Az-Mc-0876,6/17/11,South,Qu-BF-009,4,61,1647.00,884.50
Az-Mc-0877,4/16/11,South,Qu-BF-009,9,54,1458.00,783.00
Az-Mc-0878,5/10/11,West,Su-BF-003,21,14,266.00,112.00
Az-Mc-0879,3/30/11,South,Be-BF-001,8,23,506.00,230.00
Az-Mc-0880,2/14/11,East,Be-BF-001,3,10,220.00,100.00
Az-Mc-0881,6/19/11,South,Be-BF-001,19,46,1012.00,460.00
Az-Mc-0882,2/11/11,West,Ss-BF-004,16,56,1176.00,518.00
Az-Mc-0883,6/25/11,East,Be-BF-001,12,18,396.00,180.00
Az-Mc-0884,4/5/11,South,Be-BF-001,17,59,1298.00,590.00
Az-Mc-0885,1/25/11,South,Su-BF-003,30,30,570.00,240.00
Az-Mc-0886,5/19/11,MidWest,Su-BF-003,20,48,912.00,384.00
Az-Mc-0887,4/28/11,East,Ss-BF-004,21,28,588.00,259.00
Az-Mc-0888,4/11/11,West,Ca-BF-002,8,15,345.00,165.00
Az-Mc-0889,1/27/11,South,Qu-BF-009,5,58,1566.00,841.00
Az-Mc-0890,1/18/11,West,Be-BF-001,30,58,1276.00,580.00
Az-Mc-0891,4/12/11,South,Ss-BF-004,4,61,1281.00,564.25
Az-Mc-0892,4/24/11,MidWest,Be-BF-001,14,45,990.00,450.00
Az-Mc-0893,3/18/11,East,Ca-BF-002,26,65,1495.00,715.00
Az-Mc-0894,6/13/11,East,Be-BF-001,24,47,1034.00,470.00
Az-Mc-0895,4/21/11,South,Be-BF-001,27,12,264.00,120.00
Az-Mc-0896,4/23/11,West,Ca-BF-002,30,51,1173.00,561.00
Az-Mc-0897,2/18/11,MidWest,Su-BF-003,19,50,950.00,400.00
Az-Mc-0898,1/30/11,West,Su-BF-003,29,58,1102.00,464.00
Az-Mc-0899,2/2/11,West,Su-BF-003,12,56,1064.00,448.00
Az-Mc-0900,3/5/11,MidWest,Ca-BF-002,9,45,1035.00,495.00
Az-Mc-0901,6/20/11,West,Be-BF-001,10,10,220.00,100.00
Az-Mc-0902,4/27/11,East,Be-BF-001,14,16,352.00,160.00
Az-Mc-0903,1/30/11,West,Be-BF-001,11,52,1144.00,520.00
Az-Mc-0904,1/26/11,East,Ca-BF-002,11,51,1173.00,561.00
Az-Mc-0905,2/21/11,MidWest,Ss-BF-004,7,36,756.00,333.00
Az-Mc-0906,4/23/11,South,Be-BF-001,27,19,418.00,190.00
Az-Mc-0907,5/13/11,South,Ss-BF-004,30,45,945.00,416.25
Az-Mc-0908,5/18/11,West,Ca-BF-002,16,17,391.00,187.00
Az-Mc-0909,4/2/11,MidWest,Ca-BF-002,2,30,690.00,330.00
Az-Mc-0910,4/4/11,East,Qu-BF-009,29,12,324.00,174.00
Az-Mc-0911,1/26/11,West,Ss-BF-004,14,43,903.00,397.75
Az-Mc-0912,6/16/11,MidWest,Ss-BF-004,5,8,168.00,74.00
Az-Mc-0913,1/15/11,MidWest,Su-BF-003,1,6,114.00,48.00
Az-Mc-0914,4/20/11,West,Ss-BF-004,28,14,294.00,129.50
Az-Mc-0915,1/2/11,West,Ss-BF-004,20,61,1281.00,564.25
Az-Mc-0916,1/31/11,MidWest,Be-BF-001,5,58,1276.00,580.00
Az-Mc-0917,2/20/11,West,Be-BF-001,10,7,154.00,70.00
Az-Mc-0918,3/9/11,South,Ca-BF-002,30,55,1265.00,605.00
Az-Mc-0919,2/16/11,East,Ca-BF-002,16,58,1334.00,638.00
Az-Mc-0920,6/14/11,East,Su-BF-003,10,51,969.00,408.00
Az-Mc-0921,3/1/11,East,Qu-BF-009,17,21,567.00,304.50
Az-Mc-0922,1/28/11,East,Ca-BF-002,3,49,1127.00,539.00
Az-Mc-0923,5/26/11,MidWest,Ss-BF-004,4,58,1218.00,536.50
Az-Mc-0924,3/16/11,West,Qu-BF-009,15,51,1377.00,739.50
Az-Mc-0925,3/15/11,West,Su-BF-003,3,58,1102.00,464.00
Az-Mc-0926,4/12/11,MidWest,Ca-BF-002,2,31,713.00,341.00
Az-Mc-0927,2/22/11,South,Ca-BF-002,22,25,575.00,275.00
Az-Mc-0928,4/3/11,East,Su-BF-003,28,23,437.00,184.00
Az-Mc-0929,4/1/11,West,Su-BF-003,13,49,931.00,392.00
Az-Mc-0930,3/1/11,South,Su-BF-003,26,53,1007.00,424.00
Az-Mc-0931,1/11/11,East,Qu-BF-009,9,52,1404.00,754.00
Az-Mc-0932,1/21/11,East,Qu-BF-009,8,29,783.00,420.50
Az-Mc-0933,2/6/11,West,Qu-BF-009,6,23,621.00,333.50
Az-Mc-0934,3/23/11,MidWest,Be-BF-001,12,16,352.00,160.00
Az-Mc-0935,4/23/11,South,Ss-BF-004,10,10,210.00,92.50
Az-Mc-0936,2/14/11,West,Qu-BF-009,15,15,405.00,217.50
Az-Mc-0937,5/13/11,MidWest,Qu-BF-009,6,47,1269.00,681.50
Az-Mc-0938,2/2/11,MidWest,Qu-BF-009,30,8,216.00,116.00
Az-Mc-0939,5/20/11,South,Be-BF-001,15,48,1056.00,480.00
Az-Mc-0940,1/30/11,South,Ss-BF-004,8,6,126.00,55.50
Az-Mc-0941,2/10/11,South,Be-BF-001,18,17,374.00,170.00
Az-Mc-0942,2/14/11,MidWest,Su-BF-003,9,38,722.00,304.00
Az-Mc-0943,3/22/11,MidWest,Su-BF-003,14,52,988.00,416.00
Az-Mc-0944,4/10/11,East,Ss-BF-004,10,23,483.00,212.75
Az-Mc-0945,3/8/11,South,Ss-BF-004,19,50,1050.00,462.50
Az-Mc-0946,2/5/11,MidWest,Su-BF-003,9,11,209.00,88.00
Az-Mc-0947,1/11/11,East,Su-BF-003,5,14,266.00,112.00
Az-Mc-0948,3/10/11,East,Qu-BF-009,14,30,810.00,435.00
Az-Mc-0949,6/17/11,MidWest,Qu-BF-009,10,6,162.00,87.00
Az-Mc-0950,1/23/11,West,Su-BF-003,8,41,779.00,328.00
Az-Mc-0951,2/15/11,South,Be-BF-001,22,14,308.00,140.00
Az-Mc-0952,6/27/11,East,Qu-BF-009,15,48,1296.00,696.00
Az-Mc-0953,2/6/11,South,Ca-BF-002,18,52,1196.00,572.00
Az-Mc-0954,6/14/11,South,Su-BF-003,27,31,589.00,248.00
Az-Mc-0955,5/14/11,East,Su-BF-003,11,59,1121.00,472.00
Az-Mc-0956,6/26/11,West,Ca-BF-002,21,38,874.00,418.00
Az-Mc-0957,2/10/11,South,Ss-BF-004,12,57,1197.00,527.25
Az-Mc-0958,4/23/11,South,Su-BF-003,29,63,1197.00,504.00
Az-Mc-0959,4/11/11,MidWest,Ss-BF-004,1,38,798.00,351.50
Az-Mc-0960,2/23/11,East,Be-BF-001,26,8,176.00,80.00
Az-Mc-0961,4/25/11,South,Ss-BF-004,29,47,987.00,434.75
Az-Mc-0962,2/18/11,West,Be-BF-001,15,50,1100.00,500.00
Az-Mc-0963,3/15/11,West,Su-BF-003,22,36,684.00,288.00
Az-Mc-0964,2/16/11,MidWest,Ca-BF-002,7,37,851.00,407.00
Az-Mc-0965,4/7/11,West,Ss-BF-004,19,51,1071.00,471.75
Az-Mc-0966,3/30/11,MidWest,Ca-BF-002,22,65,1495.00,715.00
Az-Mc-0967,3/9/11,West,Ca-BF-002,14,46,1058.00,506.00
Az-Mc-0968,2/17/11,East,Ca-BF-002,16,8,184.00,88.00
Az-Mc-0969,4/27/11,East,Be-BF-001,4,35,770.00,350.00
Az-Mc-0970,6/17/11,MidWest,Be-BF-001,20,56,1232.00,560.00
Az-Mc-0971,4/26/11,East,Ss-BF-004,12,7,147.00,64.75
Az-Mc-0972,4/11/11,South,Su-BF-003,3,41,779.00,328.00
Az-Mc-0973,6/11/11,South,Ss-BF-004,19,42,882.00,388.50
Az-Mc-0974,3/15/11,East,Ca-BF-002,18,40,920.00,440.00
Az-Mc-0975,4/6/11,East,Su-BF-003,16,36,684.00,288.00
Az-Mc-0976,2/20/11,East,Ca-BF-002,4,14,322.00,154.00
Az-Mc-0977,3/17/11,MidWest,Su-BF-003,14,12,228.00,96.00
Az-Mc-0978,5/13/11,MidWest,Ca-BF-002,13,56,1288.00,616.00
Az-Mc-0979,3/16/11,East,Qu-BF-009,13,8,216.00,116.00
Az-Mc-0980,4/27/11,East,Be-BF-001,15,17,374.00,170.00
Az-Mc-0981,1/9/11,East,Qu-BF-009,14,8,216.00,116.00
Az-Mc-0982,4/16/11,East,Ss-BF-004,17,23,483.00,212.75
Az-Mc-0983,4/17/11,South,Su-BF-003,17,36,684.00,288.00
Az-Mc-0984,5/18/11,South,Qu-BF-009,5,20,540.00,290.00
Az-Mc-0985,4/6/11,West,Be-BF-001,4,63,1386.00,630.00
Az-Mc-0986,2/4/11,MidWest,Qu-BF-009,23,24,648.00,348.00
Az-Mc-0987,6/17/11,West,Be-BF-001,20,14,308.00,140.00
Az-Mc-0988,5/3/11,West,Su-BF-003,30,22,418.00,176.00
Az-Mc-0989,5/30/11,South,Ss-BF-004,8,22,462.00,203.50
Az-Mc-0990,4/9/11,South,Be-BF-001,15,10,220.00,100.00
Az-Mc-0991,2/19/11,South,Ss-BF-004,4,17,357.00,157.25
Az-Mc-0992,6/14/11,East,Ca-BF-002,17,48,1104.00,528.00
Az-Mc-0993,6/8/11,MidWest,Ca-BF-002,27,18,414.00,198.00
Az-Mc-0994,6/2/11,East,Qu-BF-009,7,62,1674.00,899.00
Az-Mc-0995,6/19/11,South,Qu-BF-009,24,65,1755.00,942.50
Az-Mc-0996,4/19/11,MidWest,Ss-BF-004,18,22,462.00,203.50
Az-Mc-0997,3/3/11,South,Be-BF-001,12,48,1056.00,480.00
Az-Mc-0998,5/2/11,MidWest,Su-BF-003,26,39,741.00,312.00
Az-Mc-0999,2/8/11,South,Be-BF-001,11,54,1188.00,540.00
Az-Mc-1000,4/10/11,West,Ca-BF-002,5,35,805.00,385.00
Az-Mc-1001,2/2/11,West,Su-BF-003,17,42,798.00,336.00
Az-Mc-1002,5/30/11,South,Qu-BF-009,15,29,783.00,420.50
Az-Mc-1003,6/18/11,East,Qu-BF-009,27,20,540.00,290.00
Az-Mc-1004,1/2/11,South,Ss-BF-004,21,54,1134.00,499.50
Az-Mc-1005,1/20/11,West,Ss-BF-004,7,62,1302.00,573.50
Az-Mc-1006,6/12/11,South,Be-BF-001,26,6,132.00,60.00
Az-Mc-1007,6/12/11,East,Be-BF-001,1,17,374.00,170.00
Az-Mc-1008,2/9/11,West,Ca-BF-002,3,35,805.00,385.00
Az-Mc-1009,5/11/11,West,Su-BF-003,13,36,684.00,288.00
Az-Mc-1010,5/31/11,West,Ss-BF-004,21,14,294.00,129.50
Az-Mc-1011,4/11/11,South,Be-BF-001,26,36,792.00,360.00
Az-Mc-1012,6/12/11,South,Ss-BF-004,28,22,462.00,203.50
Az-Mc-1013,4/4/11,South,Su-BF-003,22,39,741.00,312.00
Az-Mc-1014,3/18/11,East,Ss-BF-004,16,46,966.00,425.50
Az-Mc-1015,5/7/11,East,Ss-BF-004,8,47,987.00,434.75
Az-Mc-1016,1/22/11,MidWest,Be-BF-001,26,58,1276.00,580.00
Az-Mc-1017,5/8/11,MidWest,Ss-BF-004,15,19,399.00,175.75
Az-Mc-1018,2/23/11,East,Ca-BF-002,25,12,276.00,132.00
Az-Mc-1019,5/22/11,East,Qu-BF-009,13,35,945.00,507.50
Az-Mc-1020,1/19/11,South,Be-BF-001,13,50,1100.00,500.00
Az-Mc-1021,6/20/11,West,Ss-BF-004,17,7,147.00,64.75
Az-Mc-1022,5/29/11,East,Ca-BF-002,26,55,1265.00,605.00
Az-Mc-1023,1/8/11,MidWest,Qu-BF-009,5,63,1701.00,913.50
Az-Mc-1024,6/15/11,South,Ss-BF-004,22,13,273.00,120.25
Az-Mc-1025,3/23/11,MidWest,Su-BF-003,8,12,228.00,96.00
Az-Mc-1026,3/23/11,West,Ca-BF-002,2,23,529.00,253.00
Az-Mc-1027,6/2/11,East,Ca-BF-002,16,56,1288.00,616.00
Az-Mc-1028,2/28/11,South,Su-BF-003,4,53,1007.00,424.00
Az-Mc-1029,1/2/11,MidWest,Be-BF-001,30,62,1364.00,620.00
Az-Mc-1030,3/12/11,East,Ss-BF-004,14,26,546.00,240.50
Az-Mc-1031,6/3/11,MidWest,Be-BF-001,7,22,484.00,220.00
Az-Mc-1032,1/3/11,East,Ca-BF-002,20,65,1495.00,715.00
Az-Mc-1033,6/18/11,MidWest,Be-BF-001,11,23,506.00,230.00
Az-Mc-1034,6/9/11,South,Qu-BF-009,8,7,189.00,101.50
Az-Mc-1035,4/1/11,East,Su-BF-003,22,26,494.00,208.00
Az-Mc-1036,5/13/11,West,Ss-BF-004,24,35,735.00,323.75
Az-Mc-1037,6/3/11,East,Ss-BF-004,17,34,714.00,314.50
Az-Mc-1038,5/4/11,West,Be-BF-001,6,62,1364.00,620.00
Az-Mc-1039,4/29/11,East,Be-BF-001,10,63,1386.00,630.00
Az-Mc-1040,5/7/11,West,Ca-BF-002,3,36,828.00,396.00
Az-Mc-1041,4/9/11,East,Ca-BF-002,17,40,920.00,440.00
Az-Mc-1042,3/21/11,East,Su-BF-003,25,9,171.00,72.00
Az-Mc-1043,4/13/11,West,Be-BF-001,2,7,154.00,70.00
Az-Mc-1044,4/26/11,East,Be-BF-001,29,55,1210.00,550.00
Az-Mc-1045,1/28/11,MidWest,Qu-BF-009,6,29,783.00,420.50
Az-Mc-1046,2/6/11,East,Qu-BF-009,23,6,162.00,87.00
Az-Mc-1047,3/20/11,MidWest,Be-BF-001,11,65,1430.00,650.00
Az-Mc-1048,2/24/11,West,Ca-BF-002,14,14,322.00,154.00
Az-Mc-1049,1/9/11,East,Ss-BF-004,23,54,1134.00,499.50
Az-Mc-1050,3/7/11,West,Ca-BF-002,23,11,253.00,121.00
Az-Mc-1051,5/5/11,West,Ss-BF-004,4,61,1281.00,564.25
Az-Mc-1052,1/29/11,East,Ca-BF-002,13,60,1380.00,660.00
Az-Mc-1053,6/22/11,East,Ca-BF-002,25,20,460.00,220.00
Az-Mc-1054,1/7/11,South,Ss-BF-004,18,19,399.00,175.75
Az-Mc-1055,1/2/11,South,Qu-BF-009,10,65,1755.00,942.50
Az-Mc-1056,4/13/11,West,Ss-BF-004,28,10,210.00,92.50
Az-Mc-1057,2/13/11,West,Ss-BF-004,25,59,1239.00,545.75
Az-Mc-1058,3/25/11,West,Ss-BF-004,1,28,588.00,259.00
Az-Mc-1059,1/26/11,East,Su-BF-003,20,26,494.00,208.00
Az-Mc-1060,6/12/11,MidWest,Ca-BF-002,11,11,253.00,121.00
Az-Mc-1061,2/9/11,MidWest,Qu-BF-009,3,56,1512.00,812.00
Az-Mc-1062,5/3/11,West,Ca-BF-002,2,48,1104.00,528.00
Az-Mc-1063,4/6/11,MidWest,Su-BF-003,13,58,1102.00,464.00
Az-Mc-1064,6/27/11,MidWest,Su-BF-003,21,48,912.00,384.00
Az-Mc-1065,6/1/11,South,Ss-BF-004,24,17,357.00,157.25
Az-Mc-1066,3/6/11,South,Be-BF-001,12,18,396.00,180.00
Az-Mc-1067,1/19/11,East,Ca-BF-002,22,10,230.00,110.00
Az-Mc-1068,1/22/11,West,Ss-BF-004,2,11,231.00,101.75
Az-Mc-1069,2/17/11,East,Su-BF-003,30,47,893.00,376.00
Az-Mc-1070,6/18/11,South,Qu-BF-009,18,58,1566.00,841.00
Az-Mc-1071,3/31/11,MidWest,Su-BF-003,5,27,513.00,216.00
Az-Mc-1072,2/6/11,South,Ss-BF-004,4,56,1176.00,518.00
Az-Mc-1073,5/26/11,East,Ss-BF-004,19,6,126.00,55.50
Az-Mc-1074,3/15/11,West,Be-BF-001,29,27,594.00,270.00
Az-Mc-1075,6/25/11,West,Ca-BF-002,7,45,1035.00,495.00
Az-Mc-1076,6/15/11,South,Be-BF-001,6,43,946.00,430.00
Az-Mc-1077,4/15/11,East,Ss-BF-004,28,12,252.00,111.00
Az-Mc-1078,4/17/11,West,Be-BF-001,5,49,1078.00,490.00
Az-Mc-1079,1/10/11,South,Be-BF-001,22,28,616.00,280.00
Az-Mc-1080,4/3/11,East,Be-BF-001,21,28,616.00,280.00
Az-Mc-1081,5/1/11,South,Be-BF-001,30,9,198.00,90.00
Az-Mc-1082,5/9/11,MidWest,Ss-BF-004,24,30,630.00,277.50
Az-Mc-1083,4/10/11,South,Su-BF-003,11,11,209.00,88.00
Az-Mc-1084,2/24/11,MidWest,Su-BF-003,29,64,1216.00,512.00
Az-Mc-1085,4/13/11,East,Be-BF-001,20,39,858.00,390.00
Az-Mc-1086,3/8/11,East,Ss-BF-004,13,11,231.00,101.75
Az-Mc-1087,4/25/11,South,Be-BF-001,13,51,1122.00,510.00
Az-Mc-1088,5/20/11,East,Ss-BF-004,23,18,378.00,166.50
Az-Mc-1089,4/30/11,West,Su-BF-003,1,52,988.00,416.00
Az-Mc-1090,4/29/11,South,Ca-BF-002,2,24,552.00,264.00
Az-Mc-1091,6/6/11,West,Ss-BF-004,23,20,420.00,185.00
Az-Mc-1092,2/8/11,East,Su-BF-003,29,26,494.00,208.00
Az-Mc-1093,1/25/11,MidWest,Qu-BF-009,4,28,756.00,406.00
Az-Mc-1094,4/10/11,South,Su-BF-003,4,28,532.00,224.00
Az-Mc-1095,6/5/11,South,Ss-BF-004,26,29,609.00,268.25
Az-Mc-1096,6/11/11,West,Su-BF-003,7,11,209.00,88.00
Az-Mc-1097,3/27/11,East,Be-BF-001,30,11,242.00,110.00
Az-Mc-1098,6/7/11,South,Su-BF-003,19,28,532.00,224.00
Az-Mc-1099,5/12/11,East,Ca-BF-002,22,25,575.00,275.00
Az-Mc-1100,4/30/11,West,Su-BF-003,9,28,532.00,224.00
Az-Mc-1101,5/19/11,South,Ca-BF-002,10,42,966.00,462.00
Az-Mc-1102,3/24/11,South,Su-BF-003,3,10,190.00,80.00
Az-Mc-1103,3/15/11,South,Qu-BF-009,12,29,783.00,420.50
Az-Mc-1104,3/24/11,West,Be-BF-001,27,31,682.00,310.00
Az-Mc-1105,3/8/11,South,Qu-BF-009,9,64,1728.00,928.00
Az-Mc-1106,5/2/11,West,Ca-BF-002,27,46,1058.00,506.00
Az-Mc-1107,2/20/11,West,Su-BF-003,18,54,1026.00,432.00
Az-Mc-1108,6/22/11,West,Su-BF-003,15,6,114.00,48.00
Az-Mc-1109,6/12/11,West,Qu-BF-009,23,6,162.00,87.00
Az-Mc-1110,5/9/11,West,Qu-BF-009,20,9,243.00,130.50
Az-Mc-1111,6/25/11,South,Ca-BF-002,17,56,1288.00,616.00
Az-Mc-1112,5/29/11,East,Ss-BF-004,14,45,945.00,416.25
Az-Mc-1113,3/22/11,South,Su-BF-003,10,50,950.00,400.00
Az-Mc-1114,3/17/11,MidWest,Su-BF-003,10,21,399.00,168.00
Az-Mc-1115,4/7/11,East,Ca-BF-002,11,59,1357.00,649.00
Az-Mc-1116,4/17/11,West,Su-BF-003,13,15,285.00,120.00
Az-Mc-1117,1/22/11,West,Ca-BF-002,6,17,391.00,187.00
Az-Mc-1118,4/23/11,West,Ca-BF-002,3,44,1012.00,484.00
Az-Mc-1119,6/24/11,West,Ss-BF-004,18,58,1218.00,536.50
Az-Mc-1120,2/14/11,East,Be-BF-001,6,27,594.00,270.00
Az-Mc-1121,1/10/11,MidWest,Qu-BF-009,10,11,297.00,159.50
Az-Mc-1122,6/13/11,South,Be-BF-001,19,41,902.00,410.00
Az-Mc-1123,1/3/11,MidWest,Ca-BF-002,30,10,230.00,110.00
Az-Mc-1124,2/25/11,South,Be-BF-001,23,49,1078.00,490.00
Az-Mc-1125,4/24/11,East,Ss-BF-004,25,57,1197.00,527.25
Az-Mc-1126,5/20/11,South,Ss-BF-004,12,40,840.00,370.00
Az-Mc-1127,4/4/11,East,Ss-BF-004,26,58,1218.00,536.50
Az-Mc-1128,5/20/11,MidWest,Ss-BF-004,9,48,1008.00,444.00
Az-Mc-1129,5/19/11,South,Qu-BF-009,23,25,675.00,362.50
Az-Mc-1130,1/9/11,MidWest,Qu-BF-009,14,10,270.00,145.00
Az-Mc-1131,4/5/11,MidWest,Qu-BF-009,16,41,1107.00,594.50
Az-Mc-1132,2/15/11,East,Qu-BF-009,1,49,1323.00,710.50
Az-Mc-1133,4/20/11,MidWest,Su-BF-003,4,27,513.00,216.00
Az-Mc-1134,1/9/11,West,Ca-BF-002,19,60,1380.00,660.00
Az-Mc-1135,5/19/11,MidWest,Su-BF-003,24,23,437.00,184.00
Az-Mc-1136,5/25/11,West,Be-BF-001,29,34,748.00,340.00
Az-Mc-1137,2/23/11,MidWest,Ss-BF-004,6,30,630.00,277.50
Az-Mc-1138,2/8/11,West,Be-BF-001,13,10,220.00,100.00
Az-Mc-1139,3/30/11,West,Qu-BF-009,22,52,1404.00,754.00
Az-Mc-1140,3/26/11,MidWest,Qu-BF-009,20,35,945.00,507.50
Az-Mc-1141,4/5/11,MidWest,Ss-BF-004,18,28,588.00,259.00
Az-Mc-1142,4/16/11,MidWest,Ss-BF-004,18,20,420.00,185.00
Az-Mc-1143,6/20/11,MidWest,Ss-BF-004,26,51,1071.00,471.75
Az-Mc-1144,1/8/11,West,Su-BF-003,22,6,114.00,48.00
Az-Mc-1145,6/20/11,West,Ss-BF-004,13,22,462.00,203.50
Az-Mc-1146,1/11/11,MidWest,Su-BF-003,21,6,114.00,48.00
Az-Mc-1147,4/17/11,East,Ss-BF-004,8,9,189.00,83.25
Az-Mc-1148,1/22/11,MidWest,Be-BF-001,26,16,352.00,160.00
Az-Mc-1149,1/27/11,MidWest,Su-BF-003,8,9,171.00,72.00
Az-Mc-1150,1/6/11,MidWest,Ca-BF-002,14,26,598.00,286.00
Az-Mc-1151,2/13/11,MidWest,Ss-BF-004,29,53,1113.00,490.25
Az-Mc-1152,1/20/11,South,Su-BF-003,7,65,1235.00,520.00
Az-Mc-1153,6/20/11,East,Ca-BF-002,7,60,1380.00,660.00
Az-Mc-1154,4/26/11,West,Be-BF-001,29,26,572.00,260.00
Az-Mc-1155,1/9/11,MidWest,Qu-BF-009,14,61,1647.00,884.50
Az-Mc-1156,1/24/11,East,Ss-BF-004,8,19,399.00,175.75
Az-Mc-1157,6/29/11,MidWest,Ss-BF-004,4,23,483.00,212.75
Az-Mc-1158,2/9/11,MidWest,Su-BF-003,19,61,1159.00,488.00
Az-Mc-1159,6/9/11,South,Be-BF-001,4,63,1386.00,630.00
Az-Mc-1160,6/22/11,West,Su-BF-003,5,25,475.00,200.00
Az-Mc-1161,1/5/11,West,Su-BF-003,27,63,1197.00,504.00
Az-Mc-1162,5/13/11,MidWest,Su-BF-003,19,29,551.00,232.00
Az-Mc-1163,2/5/11,South,Ca-BF-002,15,8,184.00,88.00
Az-Mc-1164,3/6/11,MidWest,Qu-BF-009,22,9,243.00,130.50
Az-Mc-1165,5/24/11,West,Qu-BF-009,30,57,1539.00,826.50
Az-Mc-1166,4/14/11,MidWest,Su-BF-003,24,7,133.00,56.00
Az-Mc-1167,5/25/11,South,Ca-BF-002,16,46,1058.00,506.00
Az-Mc-1168,1/13/11,East,Ss-BF-004,23,41,861.00,379.25
Az-Mc-1169,5/11/11,MidWest,Be-BF-001,2,12,264.00,120.00
Az-Mc-1170,2/14/11,South,Ss-BF-004,9,15,315.00,138.75
Az-Mc-1171,6/26/11,South,Su-BF-003,25,31,589.00,248.00
Az-Mc-1172,3/26/11,East,Ss-BF-004,2,11,231.00,101.75
Az-Mc-1173,1/16/11,South,Su-BF-003,2,61,1159.00,488.00
Az-Mc-1174,5/25/11,MidWest,Su-BF-003,17,59,1121.00,472.00
Az-Mc-1175,6/16/11,South,Qu-BF-009,13,18,486.00,261.00
Az-Mc-1176,4/16/11,East,Ca-BF-002,27,20,460.00,220.00
Az-Mc-1177,2/23/11,MidWest,Ss-BF-004,10,51,1071.00,471.75
Az-Mc-1178,1/15/11,West,Ss-BF-004,25,16,336.00,148.00
Az-Mc-1179,2/8/11,East,Su-BF-003,11,61,1159.00,488.00
Az-Mc-1180,2/6/11,East,Be-BF-001,25,12,264.00,120.00
Az-Mc-1181,4/4/11,East,Ca-BF-002,13,18,414.00,198.00
Az-Mc-1182,6/17/11,MidWest,Ca-BF-002,26,28,644.00,308.00
Az-Mc-1183,3/10/11,East,Su-BF-003,2,51,969.00,408.00
Az-Mc-1184,6/26/11,MidWest,Be-BF-001,30,40,880.00,400.00
Az-Mc-1185,4/6/11,MidWest,Ca-BF-002,15,19,437.00,209.00
Az-Mc-1186,3/20/11,East,Ca-BF-002,1,14,322.00,154.00
Az-Mc-1187,1/22/11,South,Qu-BF-009,26,63,1701.00,913.50
Az-Mc-1188,5/1/11,East,Ss-BF-004,7,16,336.00,148.00
Az-Mc-1189,2/6/11,South,Ss-BF-004,26,17,357.00,157.25
Az-Mc-1190,5/9/11,MidWest,Ca-BF-002,10,54,1242.00,594.00
Az-Mc-1191,5/10/11,South,Be-BF-001,23,26,572.00,260.00
Az-Mc-1192,1/4/11,West,Ss-BF-004,15,48,1008.00,444.00
Az-Mc-1193,4/9/11,South,Su-BF-003,11,17,323.00,136.00
Az-Mc-1194,1/29/11,MidWest,Ca-BF-002,9,62,1426.00,682.00
Az-Mc-1195,5/17/11,West,Su-BF-003,16,18,342.00,144.00
Az-Mc-1196,1/10/11,South,Qu-BF-009,8,13,351.00,188.50
Az-Mc-1197,2/9/11,MidWest,Ca-BF-002,16,18,414.00,198.00
Az-Mc-1198,3/23/11,East,Ss-BF-004,27,13,273.00,120.25
Az-Mc-1199,2/7/11,West,Ca-BF-002,29,33,759.00,363.00
Az-Mc-1200,6/1/11,South,Ca-BF-002,26,28,644.00,308.00
Az-Mc-1201,1/20/11,East,Ca-BF-002,1,53,1219.00,583.00
Az-Mc-1202,3/3/11,MidWest,Su-BF-003,18,21,399.00,168.00
Az-Mc-1203,5/20/11,West,Ca-BF-002,7,42,966.00,462.00
Az-Mc-1204,1/9/11,East,Ca-BF-002,7,45,1035.00,495.00
Az-Mc-1205,2/7/11,MidWest,Be-BF-001,7,22,484.00,220.00
Az-Mc-1206,4/7/11,South,Qu-BF-009,16,25,675.00,362.50
Az-Mc-1207,5/13/11,MidWest,Ca-BF-002,8,51,1173.00,561.00
Az-Mc-1208,5/26/11,South,Qu-BF-009,4,23,621.00,333.50
Az-Mc-1209,3/9/11,South,Ss-BF-004,30,13,273.00,120.25
Az-Mc-1210,5/31/11,East,Be-BF-001,9,39,858.00,390.00
Az-Mc-1211,5/2/11,South,Be-BF-001,26,39,858.00,390.00
Az-Mc-1212,6/18/11,MidWest,Ss-BF-004,28,34,714.00,314.50
Az-Mc-1213,2/15/11,West,Su-BF-003,3,33,627.00,264.00
Az-Mc-1214,3/13/11,East,Ca-BF-002,2,50,1150.00,550.00
Az-Mc-1215,3/1/11,MidWest,Su-BF-003,2,62,1178.00,496.00
Az-Mc-1216,3/15/11,MidWest,Su-BF-003,12,44,836.00,352.00
Az-Mc-1217,5/25/11,East,Ca-BF-002,18,13,299.00,143.00
Az-Mc-1218,1/22/11,MidWest,Ca-BF-002,10,31,713.00,341.00
Az-Mc-1219,3/7/11,West,Be-BF-001,27,51,1122.00,510.00
Az-Mc-1220,1/28/11,MidWest,Qu-BF-009,16,13,351.00,188.50
Az-Mc-1221,5/6/11,MidWest,Qu-BF-009,19,60,1620.00,870.00
Az-Mc-1222,2/6/11,West,Qu-BF-009,22,23,621.00,333.50
Az-Mc-1223,6/18/11,West,Be-BF-001,19,57,1254.00,570.00
Az-Mc-1224,3/15/11,South,Ss-BF-004,14,57,1197.00,527.25
Az-Mc-1225,6/22/11,MidWest,Ca-BF-002,27,54,1242.00,594.00
Az-Mc-1226,3/7/11,East,Su-BF-003,11,6,114.00,48.00
